title,studio,domestic_gross_x,foreign_gross,year,id_x,release_date,movie,production_budget,domestic_gross_y,worldwide_gross,Unnamed: 0,genre_ids,id_y,original_language,original_title,popularity,vote_average,vote_count
Inception,WB,292600000,535700000,2010,38,7/16/2010,Inception,"$160,000,000 ","$292,576,195 ","$835,524,642 ",4,"[28, 878, 12]",27205,en,Inception,27.92,8.3,22186
Iron Man 2,Par.,312400000,311500000,2010,15,5/7/2010,Iron Man 2,"$170,000,000 ","$312,433,331 ","$621,156,389 ",2,"[12, 28, 878]",10138,en,Iron Man 2,28.515,6.8,12368
Tangled,BV,200800000,391000000,2010,15,11/24/2010,Tangled,"$260,000,000 ","$200,821,936 ","$586,477,240 ",13,"[16, 10751]",38757,en,Tangled,21.511,7.5,6407
Despicable Me,Uni.,251500000,291600000,2010,50,7/9/2010,Despicable Me,"$69,000,000 ","$251,513,985 ","$543,464,573 ",8,"[16, 10751, 35]",20352,en,Despicable Me,23.673,7.2,10057
How to Train Your Dragon,P/DW,217600000,277300000,2010,30,3/26/2010,How to Train Your Dragon,"$165,000,000 ","$217,581,232 ","$494,870,992 ",1,"[14, 12, 16, 10751]",10191,en,How to Train Your Dragon,28.734,7.7,7610
The Chronicles of Narnia: The Voyage of the Dawn Treader,Fox,104400000,311300000,2010,48,12/10/2010,The Chronicles of Narnia: The Voyage of the Dawn Treader,"$155,000,000 ","$104,386,950 ","$418,186,950 ",22,"[12, 10751, 14]",10140,en,The Chronicles of Narnia: The Voyage of the Dawn Treader,17.382,6.3,3196
Black Swan,FoxS,107000000,222400000,2010,46,12/3/2010,Black Swan,"$13,000,000 ","$106,954,678 ","$331,266,710 ",47,"[18, 53]",44214,en,Black Swan,13.745,7.6,8374
Robin Hood,Uni.,105300000,216400000,2010,39,5/14/2010,Robin Hood,"$210,000,000 ","$105,487,148 ","$322,459,006 ",36,"[28, 12, 18]",20662,en,Robin Hood,15.444,6.3,2569
The Last Airbender,Par.,131800000,187900000,2010,83,7/1/2010,The Last Airbender,"$150,000,000 ","$131,772,187 ","$319,713,881 ",27,"[28, 12, 10751, 14]",10196,en,The Last Airbender,16.595,4.6,2143
Resident Evil: Afterlife,SGem,60100000,240100000,2010,70,9/10/2010,Resident Evil: Afterlife,"$57,500,000 ","$60,128,566 ","$295,874,190 ",1629,"[28, 12, 27, 878]",35791,en,Resident Evil: Afterlife,0.667,5.9,2119
Salt,Sony,118300000,175200000,2010,50,7/23/2010,Salt,"$130,000,000 ","$118,311,368 ","$290,650,494 ",63,"[28, 9648, 53]",27576,en,Salt,13.025,6.3,3240
Sex and the City 2,WB (NL),95300000,193000000,2010,16,5/27/2010,Sex and the City 2,"$95,000,000 ","$95,347,692 ","$294,680,778 ",137,"[35, 18, 10749]",37786,en,Sex and the City 2,9.986,5.9,809
The Tourist,Sony,67600000,210700000,2010,85,12/10/2010,The Tourist,"$100,000,000 ","$67,631,157 ","$278,731,369 ",118,"[28, 53, 10749]",37710,en,The Tourist,10.307,6.1,3133
True Grit,Par.,171200000,81000000,2010,29,12/22/2010,True Grit,"$35,000,000 ","$171,243,005 ","$252,276,928 ",59,"[18, 12, 37]",44264,en,True Grit,13.118,7.2,2816
Gulliver's Travels,Fox,42800000,194600000,2010,13,12/25/2010,Gulliver's Travels,"$112,000,000 ","$42,779,261 ","$232,017,848 ",105,"[35, 12, 10751, 14]",38745,en,Gulliver's Travels,10.768,5.1,1282
The Social Network,Sony,97000000,128000000,2010,91,10/1/2010,The Social Network,"$40,000,000 ","$96,962,694 ","$224,922,135 ",29,[18],37799,en,The Social Network,15.889,7.2,6116
Yogi Bear,WB,100200000,101300000,2010,62,12/17/2010,Yogi Bear,"$80,000,000 ","$100,246,011 ","$204,774,690 ",173,"[35, 10751, 16, 12]",41515,en,Yogi Bear,9.096,5.3,387
The A-Team,Fox,77200000,100000000,2010,32,6/11/2010,The A-Team,"$110,000,000 ","$77,222,099 ","$177,241,171 ",24,"[53, 28, 12, 35, 80]",34544,en,The A-Team,17.097,6.3,2703
The Other Guys,Sony,119200000,51200000,2010,74,8/6/2010,The Other Guys,"$100,000,000 ","$119,219,978 ","$170,936,470 ",51,"[28, 35, 80]",27581,en,The Other Guys,13.508,6.2,2187
Unstoppable,Fox,81600000,86200000,2010,19,11/12/2010,Unstoppable,"$95,000,000 ","$81,562,942 ","$165,720,921 ",46,"[28, 53]",44048,en,Unstoppable,14.01,6.4,1913
The Town,WB,92200000,61800000,2010,92,9/17/2010,The Town,"$37,000,000 ","$92,186,262 ","$152,566,881 ",52,"[80, 18, 53]",23168,en,The Town,13.476,7.1,2386
Legend of the Guardians: The Owls of Ga'Hoole,WB,55700000,84400000,2010,90,9/24/2010,Legend of the Guardians: The Owls of Ga'Hoole,"$100,000,000 ","$55,675,313 ","$139,716,717 ",106,"[16, 12, 10751, 14]",41216,en,Legend of the Guardians: The Owls of Ga'Hoole,10.754,6.6,1223
The Wolfman,Uni.,62000000,77800000,2010,91,2/12/2010,The Wolfman,"$150,000,000 ","$62,189,884 ","$142,634,358 ",45,[27],7978,en,The Wolfman,14.03,5.7,1009
The Bounty Hunter,Sony,67099999,69300000,2010,73,3/19/2010,The Bounty Hunter,"$45,000,000 ","$67,061,228 ","$135,808,837 ",140,"[28, 35, 18]",27573,en,The Bounty Hunter,9.861,5.7,1627
Cats & Dogs: The Revenge of Kitty Galore,WB,43600000,68900000,2010,17,7/30/2010,Cats & Dogs: The Revenge of Kitty Galore,"$85,000,000 ","$43,585,753 ","$113,026,383 ",115,"[35, 10751, 28, 14]",39691,en,Cats & Dogs: The Revenge of Kitty Galore,10.544,4.9,273
Tooth Fairy,Fox,60000000,52400000,2010,23,1/22/2010,Tooth Fairy,"$48,000,000 ","$60,022,256 ","$112,610,386 ",68,"[35, 10751, 14]",23023,en,Tooth Fairy,12.65,5.3,1058
Killers,LGF,47100000,51100000,2010,54,6/4/2010,Killers,"$75,000,000 ","$47,059,963 ","$95,572,749 ",123,"[28, 35, 53, 10749]",37821,en,Killers,10.221,5.8,1314
Kick-Ass,LGF,48100000,48100000,2010,54,4/16/2010,Kick-Ass,"$28,000,000 ","$48,071,303 ","$97,531,134 ",61,"[28, 80]",23483,en,Kick-Ass,13.08,7.1,7540
Get Him to the Greek,Uni.,61000000,30300000,2010,22,6/4/2010,Get Him to the Greek,"$40,000,000 ","$61,153,526 ","$91,455,875 ",206,[35],32823,en,Get Him to the Greek,8.485,5.9,980
The Last Song,BV,63000000,26100000,2010,15,3/31/2010,The Last Song,"$20,000,000 ","$62,950,384 ","$92,678,948 ",170,"[18, 10751, 10749]",35690,en,The Last Song,9.237,7.2,2199
Dinner for Schmucks,P/DW,73000000,13800000,2010,51,7/30/2010,Dinner for Schmucks,"$69,000,000 ","$73,026,337 ","$86,796,502 ",333,[35],38778,en,Dinner for Schmucks,6.632,5.6,920
Marmaduke,Fox,33600000,50100000,2010,59,6/4/2010,Marmaduke,"$50,000,000 ","$33,644,788 ","$89,895,930 ",205,"[10751, 35]",38579,en,Marmaduke,8.487,5.1,367
Piranha 3D,W/Dim.,25000000,58200000,2010,52,8/20/2010,Piranha 3D,"$24,000,000 ","$25,003,155 ","$83,660,160 ",95,"[35, 27]",43593,en,Piranha 3D,11.302,5.3,1029
Edge of Darkness,WB,43300000,37800000,2010,8,1/29/2010,Edge of Darkness,"$60,000,000 ","$43,313,890 ","$82,812,456 ",97,"[80, 18, 9648, 53]",12201,en,Edge of Darkness,11.252,6.3,794
Vampires Suck,Fox,36700000,43900000,2010,49,8/18/2010,Vampires Suck,"$20,000,000 ","$36,661,504 ","$81,424,988 ",179,"[35, 27]",40264,en,Vampires Suck,8.992,4.1,658
Letters to Juliet,Sum.,53000000,26100000,2010,89,5/14/2010,Letters to Juliet,"$30,000,000 ","$53,032,453 ","$82,148,538 ",162,"[35, 18, 10749]",37056,en,Letters to Juliet,9.394,6.9,1706
Diary of a Wimpy Kid,Fox,64000000,11700000,2010,13,3/19/2010,Diary of a Wimpy Kid,"$15,000,000 ","$64,003,625 ","$76,954,311 ",77,"[35, 10751]",33217,en,Diary of a Wimpy Kid,12.256,6,736
Easy A,SGem,58400000,16600000,2010,67,9/17/2010,Easy A,"$8,000,000 ","$58,401,464 ","$76,200,721 ",39,[35],37735,en,Easy A,14.69,6.8,4168
The American,Focus,35600000,32299999,2010,51,9/1/2010,The American,"$20,000,000 ","$35,606,376 ","$67,950,723 ",177,"[80, 18, 53]",27579,en,The American,9.042,5.8,690
The Last Exorcism,LGF,41000000,26700000,2010,15,8/27/2010,The Last Exorcism,"$1,800,000 ","$41,034,350 ","$70,165,900 ",165,"[27, 18, 53]",38358,en,The Last Exorcism,9.35,5.6,519
The Next Three Days,LGF,21100000,46300000,2010,49,11/19/2010,The Next Three Days,"$30,000,000 ","$21,148,651 ","$67,255,916 ",100,"[10749, 18, 53, 80]",43539,en,The Next Three Days,11.147,7,1469
Skyline,Uni.,21400000,45400000,2010,99,11/12/2010,Skyline,"$10,000,000 ","$21,416,355 ","$68,264,973 ",184,"[878, 28]",42684,en,Skyline,8.847,4.8,833
Hot Tub Time Machine,MGM,50300000,14300000,2010,10,3/26/2010,Hot Tub Time Machine,"$36,000,000 ","$50,269,859 ","$65,967,750 ",130,"[878, 35, 12]",23048,en,Hot Tub Time Machine,10.15,6,1383
Devil,Uni.,33600000,29100000,2010,71,9/17/2010,Devil,"$10,000,000 ","$33,679,655 ","$63,354,114 ",125,"[27, 9648, 53]",44040,en,Devil,10.203,5.9,1516
127 Hours,FoxS,18300000,42400000,2010,6,11/5/2010,127 Hours,"$18,000,000 ","$18,335,230 ","$60,217,171 ",93,"[12, 18, 53]",44115,en,127 Hours,11.435,7,4469
Secretariat,BV,59700000,537000,2010,53,10/8/2010,Secretariat,"$35,000,000 ","$59,699,513 ","$60,376,247 ",176,[18],39486,en,Secretariat,9.059,7,200
Morning Glory,Par.,31000000,29000000,2010,73,11/10/2010,Morning Glory,"$40,000,000 ","$31,011,732 ","$59,795,070 ",113,"[35, 18, 10749]",38357,en,Morning Glory,10.595,6.3,717
Remember Me,Sum.,19100000,37000000,2010,51,3/12/2010,Remember Me,"$16,000,000 ","$19,068,240 ","$56,506,120 ",92,"[18, 10749]",23169,en,Remember Me,11.453,7.1,2079
Cop Out,WB,44900000,10700000,2010,99,2/26/2010,Cop Out,"$37,000,000 ","$44,875,481 ","$55,909,910 ",185,"[28, 35, 80]",23742,en,Cop Out,8.82,5.4,796
The Crazies,Over.,39100000,15700000,2010,36,2/26/2010,The Crazies,"$19,000,000 ","$39,123,589 ","$56,445,534 ",78,"[9648, 27, 28]",29427,en,The Crazies,12.246,6.2,1036
The Switch,Mira.,27800000,22100000,2010,39,8/20/2010,The Switch,"$19,000,000 ","$27,758,465 ","$49,858,465 ",260,"[35, 10749, 18]",41210,en,The Switch,7.745,6.1,1008
She's Out of My League,Par.,32000000,17800000,2010,62,3/12/2010,She's Out of My League,"$20,000,000 ","$32,010,860 ","$48,680,977 ",256,"[35, 10749]",34016,en,She's Out of My League,7.775,6.1,970
The Spy Next Door,LGF,24300000,20900000,2010,68,1/15/2010,The Spy Next Door,"$28,000,000 ","$24,307,106 ","$46,752,858 ",107,"[28, 35, 10751]",23172,en,The Spy Next Door,10.746,5.7,650
Machete,Fox,26600000,17500000,2010,18,9/3/2010,Machete,"$12,500,000 ","$26,593,646 ","$46,370,970 ",69,"[28, 35, 53]",23631,en,Machete,12.557,6.3,1862
Going the Distance,WB (NL),17800000,24200000,2010,11,9/3/2010,Going the Distance,"$32,000,000 ","$17,804,299 ","$43,603,990 ",220,"[35, 18, 10749]",38073,en,Going the Distance,8.281,6,394
For Colored Girls,LGF,37700000,17300,2010,67,11/5/2010,For Colored Girls,"$21,000,000 ","$37,729,698 ","$38,017,873 ",635,[18],44944,en,For Colored Girls,2.858,6.8,33
The Kids Are All Right,Focus,20800000,13900000,2010,87,7/9/2010,The Kids Are All Right,"$4,000,000 ","$20,811,365 ","$36,275,469 ",211,"[35, 18]",39781,en,The Kids Are All Right,8.426,6.6,854
Leap Year,Uni.,25900000,6700000,2010,40,1/8/2010,Leap Year,"$19,000,000 ","$25,918,920 ","$32,618,920 ",85,"[10749, 35]",25195,en,Leap Year,11.821,6.7,990
You Again,BV,25700000,6300000,2010,78,9/24/2010,You Again,"$20,000,000 ","$25,702,053 ","$32,838,945 ",124,"[35, 10749]",38303,en,You Again,10.208,6.2,734
The Losers,WB,23600000,5800000,2010,44,4/23/2010,The Losers,"$25,000,000 ","$23,591,432 ","$29,863,840 ",126,"[28, 12, 80, 9648, 53]",34813,en,The Losers,10.202,6.2,844
Ramona and Beezus,Fox,26200000,1100000,2010,60,7/23/2010,Ramona and Beezus,"$15,000,000 ","$26,167,002 ","$27,469,621 ",283,"[35, 10751]",38843,en,Ramona and Beezus,7.442,6.3,460
Let Me In,Over.,12100000,12000000,2010,38,10/1/2010,Let Me In,"$20,000,000 ","$12,134,935 ","$28,270,399 ",146,"[18, 27, 9648]",41402,en,Let Me In,9.716,6.7,1061
Mao's Last Dancer,Gold.,4800000,17500000,2010,31,8/20/2010,Mao's Last Dancer,"$18,000,000 ","$4,806,750 ","$25,941,437 ",673,"[18, 10749]",33870,en,Mao's Last Dancer,2.681,7,45
Just Wright,FoxS,21500000,29900,2010,85,5/14/2010,Just Wright,"$12,000,000 ","$21,540,363 ","$21,867,665 ",312,"[35, 18, 10749]",38093,en,Just Wright,7.047,6.2,211
Our Family Wedding,FoxS,20300000,1200000,2010,95,3/12/2010,Our Family Wedding,"$14,000,000 ","$20,255,281 ","$21,410,546 ",446,[35],34563,en,Our Family Wedding,5.025,5.5,57
My Soul to Take,Uni.,14700000,6200000,2010,68,10/8/2010,My Soul to Take,"$25,000,000 ","$14,744,435 ","$16,727,470 ",143,"[18, 27, 9648, 53]",43931,en,My Soul to Take,9.808,5.4,247
Country Strong,SGem,20200000,310000,2010,71,12/22/2010,Country Strong,"$15,000,000 ","$20,218,921 ","$20,601,987 ",277,"[18, 10749, 10402]",45272,en,Country Strong,7.567,6.3,126
Another Year,SPC,3200000,16500000,2010,8,12/29/2010,Another Year,"$8,000,000 ","$3,205,706 ","$20,005,613 ",161,"[35, 18]",44009,en,Another Year,9.394,7,150
Buried,LGF,1000000,18100000,2010,2,9/24/2010,Buried,"$1,987,650 ","$1,044,143 ","$21,270,290 ",102,"[18, 53, 9648]",26388,en,Buried,10.888,6.6,1487
Repo Men,Uni.,13800000,4600000,2010,13,3/19/2010,Repo Men,"$32,000,000 ","$13,942,007 ","$18,195,238 ",73,"[28, 878, 53, 80]",31867,en,Repo Men,12.437,6.2,976
The Nutcracker in 3D,Free,195000,16000000,2010,79,11/24/2010,The Nutcracker in 3D,"$90,000,000 ","$195,459 ","$20,466,016 ",278,"[10402, 14, 28, 10751]",49852,en,The Nutcracker in 3D,7.566,5.5,97
Somewhere,Focus,1800000,12200000,2010,42,12/22/2010,Somewhere,"$7,000,000 ","$1,785,645 ","$17,023,121 ",275,"[35, 18]",39210,en,Somewhere,7.596,6.1,376
Winter's Bone,RAtt.,6500000,7300000,2010,8,6/11/2010,Winter's Bone,"$2,000,000 ","$6,531,503 ","$16,131,551 ",141,[18],39013,en,Winter's Bone,9.824,6.9,931
Made in Dagenham,SPC,1100000,11300000,2010,14,11/19/2010,Made in Dagenham,"$8,000,000 ","$1,095,369 ","$15,644,196 ",293,"[35, 18, 36]",46138,en,Made in Dagenham,7.275,6.6,150
Blue Valentine,Wein.,9700000,2600000,2010,25,12/29/2010,Blue Valentine,"$1,000,000 ","$9,737,892 ","$16,566,240 ",178,"[18, 10749]",46705,en,Blue Valentine,8.994,6.9,1677
Blue Valentine,Wein.,9700000,2600000,2010,25,12/29/2010,Blue Valentine,"$1,000,000 ","$9,737,892 ","$16,566,240 ",2673,"[18, 10749]",46705,en,Blue Valentine,8.994,6.9,1677
Chloe,SPC,3100000,8600000,2010,97,3/26/2010,Chloe,"$13,000,000 ","$3,075,255 ","$11,831,131 ",186,"[18, 53, 9648]",28211,en,Chloe,8.807,5.9,940
The Warrior's Way,Rela.,5700000,5400000,2010,65,12/3/2010,The Warrior's Way,"$42,000,000 ","$5,666,340 ","$8,514,325 ",222,"[12, 14, 28, 37, 53]",46528,en,The Warrior's Way,8.259,6.1,203
Jonah Hex,WB,10500000,356000,2010,40,6/18/2010,Jonah Hex,"$47,000,000 ","$10,547,117 ","$11,022,696 ",53,"[28, 37, 18, 14, 53]",20533,en,Jonah Hex,13.467,4.6,708
Harry Brown,Gold.,1800000,8500000,2010,81,4/30/2010,Harry Brown,"$7,300,000 ","$1,818,681 ","$12,023,606 ",114,"[53, 80, 18, 28]",25941,en,Harry Brown,10.555,6.8,505
Cyrus,FoxS,7500000,2500000,2010,27,6/18/2010,Cyrus,"$7,000,000 ","$7,468,936 ","$10,062,896 ",261,"[35, 18, 10749]",39053,en,Cyrus,7.735,6,201
Conviction,FoxS,6800000,2900000,2010,28,10/15/2010,Conviction,"$12,500,000 ","$6,797,696 ","$11,826,980 ",280,[18],45094,en,Conviction,7.51,7.2,297
Never Let Me Go,FoxS,2400000,7000000,2010,29,9/15/2010,Never Let Me Go,"$15,000,000 ","$2,434,652 ","$11,173,718 ",134,"[18, 10749, 878]",42188,en,Never Let Me Go,10.012,6.8,1294
MacGruber,Uni.,8500000,797000,2010,42,5/21/2010,MacGruber,"$10,000,000 ","$8,525,600 ","$8,629,895 ",268,"[28, 12, 35]",37931,en,MacGruber,7.666,5.3,270
Inside Job,SPC,4300000,3600000,2010,17,10/8/2010,Inside Job,"$2,000,000 ","$4,311,834 ","$7,799,257 ",152,[99],44639,en,Inside Job,9.514,7.8,466
The Joneses,RAtt.,1500000,5500000,2010,88,4/16/2010,The Joneses,"$10,000,000 ","$1,475,746 ","$3,541,565 ",349,"[35, 18]",41479,en,The Joneses,6.424,6.2,312
Animal Kingdom,SPC,1000000,5700000,2010,71,8/13/2010,Animal Kingdom,"$4,200,000 ","$1,044,039 ","$8,078,683 ",127,"[18, 53, 80, 9648]",44629,en,Animal Kingdom,10.188,6.8,399
It's Kind of a Funny Story,Focus,6400000,128000,2010,1,10/8/2010,It's Kind of a Funny Story,"$8,000,000 ","$6,363,628 ","$6,632,950 ",135,"[35, 18]",43923,en,It's Kind of a Funny Story,10.01,7,1324
The Runaways,App.,3600000,1100000,2010,57,3/19/2010,The Runaways,"$9,500,000 ","$3,573,673 ","$5,278,632 ",226,"[18, 10402]",27586,en,The Runaways,8.19,6.4,448
Four Lions,Drft.,305000,4400000,2010,79,11/5/2010,Four Lions,"$3,750,000 ","$310,007 ","$2,436,111 ",138,"[35, 80, 18]",37495,en,Four Lions,9.968,7,621
Monsters,Magn.,237000,4000000,2010,50,10/29/2010,Monsters,"$500,000 ","$237,301 ","$5,639,730 ",129,"[18, 53, 878]",43933,en,Monsters,10.175,6.2,848
The Perfect Game,IW,1000000,2800000,2010,36,4/16/2010,The Perfect Game,"$12,500,000 ","$1,089,445 ","$3,931,367 ",451,"[18, 10751]",56601,en,The Perfect Game,4.958,6.3,44
Wild Target,Free,109000,3300000,2010,28,10/29/2010,Wild Target,"$8,000,000 ","$109,338 ","$5,314,194 ",164,"[28, 35]",44147,en,Wild Target,9.355,6.4,356
Kites,Relbig.,1600000,1300000,2010,66,5/21/2010,Kites,"$9,200,000 ","$1,685,269 ","$17,155,193 ",378,"[18, 28, 10749]",37737,hi,Kites,6.058,5.8,67
Letters to God,Viv.,2800000,60300,2010,25,4/9/2010,Letters to God,"$3,000,000 ","$2,848,587 ","$3,237,452 ",487,"[18, 10751]",35691,en,Letters to God,4.242,6.9,71
Flipped,WB,1800000,1200000,2010,22,8/6/2010,Flipped,"$14,000,000 ","$1,755,212 ","$4,289,993 ",145,"[10749, 18]",43949,en,Flipped,9.781,7.4,859
It's a Wonderful Afterlife,UTV,1100000,1300000,2010,36,10/8/2010,It's a Wonderful Afterlife,"$10,000,000 ",$0 ,"$1,642,939 ",1184,"[35, 10749]",42057,en,Hai Marjawaan!,1.332,4.6,12
Casino Jack,ATO,1000000,40700,2010,32,12/17/2010,Casino Jack,"$12,500,000 ","$2,039,869 ","$2,272,186 ",157,"[80, 35, 18]",45324,en,Casino Jack,9.432,6.1,149
Enter the Void,IFC,336000,418000,2010,77,9/24/2010,Enter the Void,"$16,000,000 ","$337,997 ","$1,467,278 ",150,"[14, 18]",34647,en,Enter the Void,9.563,7.3,773
All Good Things,Magn.,582000,62500,2010,96,12/3/2010,All Good Things,"$20,000,000 ","$582,024 ","$873,617 ",247,"[18, 9648, 53, 80, 10749]",46503,en,All Good Things,7.871,6,493
Chain Letter,NFC,139000,447000,2010,43,10/1/2010,Chain Letter,"$3,000,000 ","$205,842 ","$1,022,453 ",347,"[27, 53]",38033,en,Chain Letter,6.44,4.1,63
I Spit on Your Grave,Anch.,93100,480000,2010,37,10/8/2010,I Spit on Your Grave,"$1,750,000 ","$93,051 ","$1,278,471 ",60,"[53, 80, 27]",43947,en,I Spit on Your Grave,13.102,6.3,977
Tiny Furniture,IFC,392000,1200000,2010,18,11/12/2010,Tiny Furniture,"$50,000 ","$391,674 ","$424,149 ",326,"[10749, 35, 18]",47607,en,Tiny Furniture,6.695,5.9,82
The Tempest,Mira.,278000,68700,2010,1,12/10/2010,The Tempest,"$20,000,000 ","$277,943 ","$277,943 ",361,"[18, 14]",44638,en,The Tempest,6.3,5.8,52
The Good Heart,Magn.,20900,323000,2010,73,4/30/2010,The Good Heart,"$3,800,000 ","$20,930 ","$340,930 ",760,"[18, 35, 10749]",5178,en,The Good Heart,2.321,6.4,30
Welcome to the Rileys,Gold.,159000,158000,2010,12,10/29/2010,Welcome to the Rileys,"$10,000,000 ","$152,857 ","$355,919 ",217,[18],31007,en,Welcome to the Rileys,8.348,6.5,241
Freakonomics,Magn.,101000,16400,2010,80,10/1/2010,Freakonomics,"$2,900,000 ","$101,270 ","$172,867 ",401,[99],43942,en,Freakonomics,5.705,6.6,57
Pirates of the Caribbean: On Stranger Tides,BV,241100000,804600000,2011,2,5/20/2011,Pirates of the Caribbean: On Stranger Tides,"$410,600,000 ","$241,063,875 ","$1,045,663,875 ",2470,"[12, 28, 14]",1865,en,Pirates of the Caribbean: On Stranger Tides,30.579,6.4,8571
The Smurfs,Sony,142600000,421100000,2011,20,7/29/2011,The Smurfs,"$110,000,000 ","$142,614,158 ","$563,749,323 ",2495,"[16, 10751, 12, 35, 14]",41513,en,The Smurfs,16.533,5.6,2112
Puss in Boots,P/DW,149300000,405700000,2011,46,10/28/2011,Puss in Boots,"$130,000,000 ","$149,260,504 ","$554,987,477 ",2668,"[28, 12, 16, 10751, 14, 35]",417859,en,Puss in Boots,9.078,6.3,1422
Sherlock Holmes: A Game of Shadows,WB,186800000,358600000,2011,69,12/16/2011,Sherlock Holmes: A Game of Shadows,"$125,000,000 ","$186,848,418 ","$535,663,443 ",2484,"[12, 28, 80, 9648]",58574,en,Sherlock Holmes: A Game of Shadows,18.301,7.1,6380
Rio,Fox,143600000,341000000,2011,46,4/15/2011,Rio,"$90,000,000 ","$143,619,809 ","$487,519,809 ",2517,"[16, 12, 35, 10751]",46195,en,Rio,14.695,6.6,3730
Thor,Par.,181000000,268300000,2011,70,5/6/2011,Thor,"$150,000,000 ","$181,030,624 ","$449,326,618 ",2468,"[12, 14, 28]",10195,en,Thor,38.068,6.7,12764
Captain America: The First Avenger,Par.,176700000,193900000,2011,10,7/22/2011,Captain America: The First Avenger,"$140,000,000 ","$176,654,505 ","$370,569,776 ",2474,"[28, 12, 878]",1771,en,Captain America: The First Avenger,25.808,6.9,12810
X-Men: First Class,Fox,146400000,207200000,2011,42,6/3/2011,X-Men: First Class,"$160,000,000 ","$146,408,305 ","$355,408,305 ",3672,"[28, 878, 12]",49538,en,X-Men: First Class,1.447,7.2,8211
Alvin and the Chipmunks: Chipwrecked,Fox,133100000,209600000,2011,49,12/16/2011,Alvin and the Chipmunks: Chipwrecked,"$80,000,000 ","$133,107,389 ","$349,088,523 ",2550,"[35, 14, 10751, 10402, 16]",55301,en,Alvin and the Chipmunks: Chipwrecked,12.672,5.5,1055
Bridesmaids,Uni.,169100000,119300000,2011,85,5/13/2011,Bridesmaids,"$32,500,000 ","$169,211,718 ","$289,632,023 ",2643,"[35, 10749]",55721,en,Bridesmaids,9.805,6.5,2783
Immortals,Rela.,83500000,143400000,2011,45,11/11/2011,Immortals,"$75,000,000 ","$83,504,017 ","$211,562,435 ",2514,"[14, 28, 18]",37958,en,Immortals,14.774,5.8,1431
Green Lantern,WB,116600000,103300000,2011,62,6/17/2011,Green Lantern,"$200,000,000 ","$116,601,172 ","$219,535,492 ",2490,"[12, 28, 53, 878]",44912,en,Green Lantern,17.257,5.1,4290
The Help,BV,169700000,46900000,2011,63,8/10/2011,The Help,"$25,000,000 ","$169,705,587 ","$213,120,004 ",2552,[18],50014,en,The Help,12.598,8.1,3944
Horrible Bosses,WB (NL),117500000,92100000,2011,34,7/8/2011,Horrible Bosses,"$35,000,000 ","$117,538,559 ","$212,417,601 ",2528,"[35, 80]",51540,en,Horrible Bosses,14.058,6.5,3842
Paranormal Activity 3,Par.,104000000,103000000,2011,51,10/21/2011,Paranormal Activity 3,"$5,000,000 ","$104,028,807 ","$207,039,844 ",2646,[27],72571,en,Paranormal Activity 3,9.669,5.9,1197
Hugo,Par.,73900000,111900000,2011,89,11/23/2011,Hugo,"$180,000,000 ","$73,864,507 ","$180,047,784 ",2544,"[12, 18, 10751]",44826,en,Hugo,12.936,7.1,4124
Hop,Uni.,108100000,75900000,2011,27,4/1/2011,Hop,"$63,000,000 ","$108,085,305 ","$188,657,593 ",2515,"[16, 35, 10751]",50359,en,Hop,14.738,5.6,611
War Horse,BV,79900000,97700000,2011,12,12/25/2011,War Horse,"$70,000,000 ","$79,883,359 ","$156,815,529 ",2613,"[18, 10752]",57212,en,War Horse,10.378,7.2,1849
In Time,Fox,37500000,136400000,2011,74,10/28/2011,In Time,"$35,000,000 ","$37,553,932 ","$165,103,952 ",2481,"[28, 53, 878]",49530,en,In Time,18.912,6.8,6245
Zookeeper,Sony,80400000,89500000,2011,71,7/8/2011,Zookeeper,"$80,000,000 ","$80,360,866 ","$170,805,525 ",2598,"[35, 10749, 10751]",38317,en,Zookeeper,10.764,5.3,886
The Muppets,BV,88600000,76600000,2011,64,11/23/2011,The Muppets,"$45,000,000 ","$88,625,922 ","$160,971,922 ",2582,"[35, 10751, 10402]",64328,en,The Muppets,11.324,6.6,831
Johnny English Reborn,Uni.,8300000,151800000,2011,19,10/21/2011,Johnny English Reborn,"$45,000,000 ","$8,406,711 ","$164,640,401 ",2503,"[80, 12, 28, 35, 53]",58233,en,Johnny English Reborn,15.542,6.1,1810
Final Destination 5,WB (NL),42600000,115300000,2011,49,8/12/2011,Final Destination 5,"$40,000,000 ","$42,587,643 ","$155,011,165 ",2537,"[27, 9648]",55779,en,Final Destination 5,13.392,6,1701
Tower Heist,Uni.,78000000,74900000,2011,5,11/4/2011,Tower Heist,"$85,000,000 ","$78,046,570 ","$150,422,946 ",2561,"[28, 35]",59108,en,Tower Heist,12.213,6,1592
Midnight in Paris,SPC,56800000,94300000,2011,83,5/20/2011,Midnight in Paris,"$30,000,000 ","$56,816,662 ","$162,502,774 ",2539,"[14, 35, 10749]",59436,en,Midnight in Paris,13.171,7.5,3965
Jack and Jill,Sony,74200000,75500000,2011,11,11/11/2011,Jack and Jill,"$79,000,000 ","$74,158,157 ","$150,519,217 ",2585,[35],71880,en,Jack and Jill,11.277,4.1,1124
No Strings Attached,Par.,70700000,78600000,2011,84,1/21/2011,No Strings Attached,"$25,000,000 ","$70,662,220 ","$149,228,078 ",2525,"[35, 10749]",41630,en,No Strings Attached,14.203,6.2,2612
Arthur Christmas,Sony,46500000,101000000,2011,14,11/23/2011,Arthur Christmas,"$85,000,000 ","$46,462,469 ","$149,717,124 ",2542,"[18, 16, 10751, 35]",51052,en,Arthur Christmas,12.981,6.7,692
Source Code,Sum.,54700000,92600000,2011,96,4/1/2011,Source Code,"$32,000,000 ","$54,712,227 ","$140,428,499 ",2535,"[53, 878, 9648]",45612,en,Source Code,13.495,7.2,4529
Contagion,WB,75700000,59800000,2011,71,9/9/2011,Contagion,"$60,000,000 ","$75,658,097 ","$137,551,594 ",2611,"[18, 53, 878]",39538,en,Contagion,10.444,6.3,2128
Unknown,WB,63700000,67099999,2011,21,2/18/2011,Unknown,"$40,000,000 ","$63,686,397 ","$136,123,083 ",2565,"[28, 9648, 53]",48138,en,Unknown,12.08,6.6,2043
The Adjustment Bureau,Uni.,62500000,65400000,2011,81,3/4/2011,The Adjustment Bureau,"$50,200,000 ","$62,495,645 ","$126,931,325 ",2532,"[878, 53, 10749]",38050,en,The Adjustment Bureau,13.717,6.6,2615
We Bought a Zoo,Fox,75600000,44500000,2011,14,12/23/2011,We Bought a Zoo,"$50,000,000 ","$75,624,550 ","$118,729,073 ",2638,"[18, 35, 10751]",74465,en,We Bought a Zoo,9.931,6.7,1523
Water for Elephants,Fox,58700000,58400000,2011,63,4/22/2011,Water for Elephants,"$38,000,000 ","$58,709,717 ","$116,809,717 ",2894,"[18, 10749]",55787,en,Water for Elephants,6.209,6.9,1627
Sanctum,Uni.,23200000,85400000,2011,45,2/4/2011,Sanctum,"$30,000,000 ","$23,209,310 ","$108,957,098 ",2793,"[28, 53]",48340,en,Sanctum,7.457,5.9,515
Justin Bieber: Never Say Never,Par.,73000000,26000000,2011,48,2/11/2011,Justin Bieber: Never Say Never,"$13,000,000 ","$73,013,910 ","$99,034,125 ",2696,"[99, 10402, 10751]",54518,en,Justin Bieber: Never Say Never,8.602,5.1,240
Insidious,FD,54000000,43000000,2011,63,4/1/2011,Insidious,"$1,500,000 ","$54,009,150 ","$99,870,886 ",2498,"[27, 53]",49018,en,Insidious,16.197,6.9,3582
The Rite,WB (NL),33000000,63000000,2011,100,1/28/2011,The Rite,"$37,000,000 ","$33,047,633 ","$97,143,987 ",2645,"[18, 53, 27]",48171,en,The Rite,9.676,5.9,994
Dolphin Tale,WB,72300000,23100000,2011,93,9/23/2011,Dolphin Tale,"$37,000,000 ","$72,286,779 ","$96,068,724 ",2604,"[18, 10751]",62837,en,Dolphin Tale,10.679,6.8,327
Season of the Witch,Rela.,24800000,66800000,2011,89,1/7/2011,Season of the Witch,"$40,000,000 ","$24,827,228 ","$91,126,600 ",2554,"[12, 14, 28]",23047,en,Season of the Witch,12.535,5.3,1352
Sucker Punch,WB,36400000,53400000,2011,62,3/25/2011,Sucker Punch,"$75,000,000 ","$36,392,502 ","$89,758,389 ",2521,"[28, 14, 53]",23629,en,Sucker Punch,14.416,6,2716
Red Riding Hood,WB,37700000,51500000,2011,55,3/11/2011,Red Riding Hood,"$42,000,000 ","$37,662,162 ","$91,678,442 ",2574,"[14, 53, 27]",49730,en,Red Riding Hood,11.856,5.9,1884
Spy Kids: All the Time in the World,W/Dim.,38500000,47000000,2011,100,8/19/2011,Spy Kids: All the Time in the World,"$27,000,000 ","$38,536,376 ","$80,681,183 ",2635,"[10751, 35, 28]",56288,en,Spy Kids: All the Time in the World,10.009,4.6,487
J. Edgar,WB,37300000,47600000,2011,76,11/9/2011,J. Edgar,"$35,000,000 ","$37,306,030 ","$84,606,030 ",2694,"[18, 80, 36]",88794,en,J. Edgar,8.628,6.2,1303
Hall Pass,WB (NL),45100000,38100000,2011,57,2/25/2011,Hall Pass,"$68,000,000 ","$45,060,734 ","$87,173,475 ",2636,"[35, 10749]",48988,en,Hall Pass,9.984,5.5,1009
"Big Mommas: Like Father, Like Son",Fox,37900000,44800000,2011,1,2/18/2011,"Big Mommas: Like Father, Like Son","$32,000,000 ","$37,915,414 ","$82,332,450 ",2501,"[80, 35, 28]",38322,en,"Big Mommas: Like Father, Like Son",16.024,5.5,623
Abduction,LGF,28100000,54000000,2011,96,9/23/2011,Abduction,"$35,000,000 ","$28,087,155 ","$86,648,359 ",2487,"[53, 28, 9648]",59965,en,Abduction,17.69,5.8,1791
Priest,SGem,29100000,49200000,2011,29,5/13/2011,Priest,"$60,000,000 ","$29,136,626 ","$84,154,026 ",2507,"[14, 27]",38321,en,Priest,15.318,5.5,1157
The Mechanic,CBS,29100000,47000000,2011,42,1/28/2011,The Mechanic,"$42,500,000 ","$29,121,498 ","$76,347,393 ",2524,"[28, 53, 80]",27582,en,The Mechanic,14.387,6.3,1676
The Ides of March,Sony,41000000,35000000,2011,76,10/7/2011,The Ides of March,"$23,000,000 ","$40,962,534 ","$77,735,925 ",2626,[18],10316,en,The Ides of March,10.127,6.7,1405
The Change-Up,Uni.,37100000,38400000,2011,72,8/5/2011,The Change-Up,"$52,000,000 ","$37,243,418 ","$75,997,067 ",2563,[35],49520,en,The Change-Up,12.122,6,1406
The Lincoln Lawyer,LGF,58000000,17000000,2011,25,3/18/2011,The Lincoln Lawyer,"$40,000,000 ","$58,009,200 ","$87,145,086 ",2575,"[80, 18, 53]",50348,en,The Lincoln Lawyer,11.812,7.1,1525
Diary of a Wimpy Kid: Rodrick Rules,Fox,52700000,19700000,2011,80,3/25/2011,Diary of a Wimpy Kid: Rodrick Rules,"$18,000,000 ","$52,698,535 ","$73,695,194 ",2678,"[10751, 35]",60307,en,Diary of a Wimpy Kid: Rodrick Rules,8.961,6.4,492
The Darkest Hour,Sum.,21400000,43200000,2011,58,12/25/2011,The Darkest Hour,"$34,800,000 ","$21,443,494 ","$62,831,715 ",2602,"[27, 28, 53, 878]",71469,en,The Darkest Hour,10.73,4.9,735
Hanna,Focus,40300000,23500000,2011,14,4/8/2011,Hanna,"$30,000,000 ","$40,259,119 ","$65,343,694 ",2644,"[28, 53, 12]",50456,en,Hanna,9.709,6.6,1944
Colombiana,TriS,36700000,24300000,2011,60,8/26/2011,Colombiana,"$40,000,000 ","$36,665,854 ","$72,295,262 ",2605,"[28, 53, 80, 18]",62835,en,Colombiana,10.584,6.5,1371
One Day,Focus,13800000,45500000,2011,84,8/19/2011,One Day,"$15,000,000 ","$13,843,771 ","$59,168,692 ",2618,"[18, 10749]",51828,en,One Day,10.308,7.2,2105
Killer Elite,ORF,25100000,31300000,2011,38,9/23/2011,Killer Elite,"$70,000,000 ","$25,124,986 ","$65,409,046 ",2509,"[28, 12, 53]",49021,en,Killer Elite,15.135,6.2,1093
The Tree of Life,FoxS,13300000,41000000,2011,24,5/27/2011,The Tree of Life,"$35,000,000 ","$13,305,665 ","$61,721,826 ",2577,"[18, 14]",8967,en,The Tree of Life,11.569,6.6,1730
Soul Surfer,TriS,43900000,3200000,2011,83,4/8/2011,Soul Surfer,"$18,000,000 ","$43,853,424 ","$47,158,652 ",2706,"[10751, 28, 18]",43959,en,Soul Surfer,8.459,7,688
The Debt,Focus,31200000,14500000,2011,65,8/31/2011,The Debt,"$20,000,000 ","$31,177,548 ","$46,604,054 ",2548,"[18, 53]",48289,en,The Debt,12.697,6.6,403
Beastly,CBS,27900000,15300000,2011,87,3/4/2011,Beastly,"$17,000,000 ","$27,865,571 ","$38,028,230 ",2624,"[18, 14, 10749, 878]",38117,en,Beastly,10.136,6.1,1748
30 Minutes or Less,Sony,37100000,3500000,2011,60,8/12/2011,30 Minutes or Less,"$28,000,000 ","$37,053,924 ","$40,966,716 ",2584,"[28, 12, 35]",62206,en,30 Minutes or Less,11.315,5.6,825
The Roommate,SGem,37300000,3200000,2011,39,2/4/2011,The Roommate,"$16,000,000 ","$37,300,107 ","$52,545,707 ",2734,"[53, 18, 27]",49950,en,The Roommate,8.134,5.4,406
Shark Night 3D,Rela.,18900000,21300000,2011,52,9/2/2011,Shark Night 3D,"$25,000,000 ","$18,877,153 ","$18,877,153 ",2751,"[27, 53]",65055,en,Shark Night 3D,7.879,5,245
Monte Carlo,Fox,23200000,16500000,2011,84,7/1/2011,Monte Carlo,"$20,000,000 ","$23,186,769 ","$39,686,769 ",2595,"[12, 35, 10749]",59860,en,Monte Carlo,11.017,6.2,1193
50/50,Sum.,35000000,4200000,2011,73,9/30/2011,50/50,"$8,000,000 ","$35,016,118 ","$41,334,735 ",2556,"[35, 18]",40807,en,50/50,12.451,7.1,2111
Mars Needs Moms,BV,21400000,17600000,2011,94,3/11/2011,Mars Needs Moms,"$150,000,000 ","$21,392,758 ","$39,549,758 ",2682,"[12, 16, 10751]",50321,en,Mars Needs Moms,8.852,5.7,299
Dream House,Uni.,21300000,17200000,2011,80,9/30/2011,Dream House,"$50,000,000 ","$21,302,340 ","$41,642,166 ",2670,"[18, 53, 9648]",69668,en,Dream House,9.047,6,670
Jumping the Broom,TriS,37300000,415000,2011,93,5/6/2011,Jumping the Broom,"$7,000,000 ","$37,295,394 ","$38,158,601 ",2704,[35],57119,en,Jumping the Broom,8.477,6,103
My Week with Marilyn,Wein.,14600000,20500000,2011,22,11/23/2011,My Week with Marilyn,"$10,000,000 ","$14,597,405 ","$34,240,572 ",2564,[18],75900,en,My Week with Marilyn,12.081,6.7,741
The Sitter,Fox,30400000,4500000,2011,32,12/9/2011,The Sitter,"$25,000,000 ","$30,542,576 ","$38,749,404 ",2576,[35],57431,en,The Sitter,11.571,5.4,472
Courageous,TriS,34500000,1200000,2011,87,9/30/2011,Courageous,"$2,000,000 ","$34,522,221 ","$35,185,884 ",2800,[18],72213,en,Courageous,7.406,7,128
I Don't Know How She Does It,Wein.,9700000,20900000,2011,58,9/16/2011,I Don't Know How She Does It,"$24,000,000 ","$9,659,074 ","$24,474,463 ",2720,"[10749, 35]",70868,en,I Don't Know How She Does It,8.271,5.2,231
What's Your Number?,Fox,14000000,16399999,2011,24,9/30/2011,What's Your Number?,"$20,000,000 ","$14,011,084 ","$30,163,785 ",2612,"[35, 10749]",63492,en,What's Your Number?,10.391,6.4,1271
A Dangerous Method,SPC,5700000,21800000,2011,69,11/23/2011,A Dangerous Method,"$20,000,000 ","$5,702,083 ","$14,807,531 ",2615,"[18, 53]",48231,en,A Dangerous Method,10.352,6.3,1066
The Eagle,Focus,19500000,7600000,2011,50,2/11/2011,The Eagle,"$25,000,000 ","$19,490,041 ","$38,993,548 ",2709,"[12, 18]",49494,en,The Eagle,8.443,6.1,694
Apollo 18,W/Dim.,17700000,7900000,2011,94,9/2/2011,Apollo 18,"$5,000,000 ","$17,686,929 ","$26,517,819 ",2711,"[27, 53, 878]",50357,en,Apollo 18,8.384,5,486
Your Highness,Uni.,21600000,3300000,2011,78,4/8/2011,Your Highness,"$50,000,000 ","$21,596,445 ","$26,121,638 ",2560,"[35, 12, 14]",38319,en,Your Highness,12.254,5.3,735
Our Idiot Brother,Wein.,24800000,1200000,2011,78,8/26/2011,Our Idiot Brother,"$5,000,000 ","$24,814,830 ","$25,861,249 ",2700,"[35, 18]",59968,en,Our Idiot Brother,8.523,6.1,527
Warrior,LGF,13700000,9400000,2011,74,9/9/2011,Warrior,"$25,000,000 ","$13,657,115 ","$24,215,385 ",2504,[18],59440,en,Warrior,15.478,7.8,2189
The Guard,SPC,5400000,14200000,2011,54,7/29/2011,The Guard,"$6,000,000 ","$5,359,774 ","$21,197,454 ",2622,"[28, 35, 53, 80]",67913,en,The Guard,10.177,6.9,563
Margin Call,RAtt.,5400000,14200000,2011,37,10/21/2011,Margin Call,"$3,400,000 ","$5,353,586 ","$20,433,227 ",2654,"[53, 18]",50839,en,Margin Call,9.498,6.8,856
Shame,FoxS,3900000,13800000,2011,97,12/2/2011,Shame,"$6,500,000 ","$4,002,293 ","$20,412,841 ",2540,[18],76025,en,Shame,13.152,7,1607
Melancholia,Magn.,3000000,12900000,2011,62,11/11/2011,Melancholia,"$9,400,000 ","$3,030,848 ","$21,817,298 ",2592,"[18, 878]",62215,da,Melancholia,11.123,7.1,1642
The Conspirator,RAtt.,11500000,3900000,2011,80,4/15/2011,The Conspirator,"$25,000,000 ","$11,538,204 ","$15,907,411 ",2868,"[80, 18, 36]",60309,en,The Conspirator,6.493,6.5,226
Anonymous,Sony,4500000,10900000,2011,90,10/28/2011,Anonymous,"$27,500,000 ","$4,463,292 ","$15,815,509 ",2736,"[18, 36, 53]",61891,en,Anonymous,8.114,6.4,434
Snow Flower and the Secret Fan,FoxS,1300000,10000000,2011,70,7/15/2011,Snow Flower and the Secret Fan,"$6,000,000 ","$1,348,205 ","$11,348,205 ",3035,"[18, 36]",58882,en,Snow Flower and the Secret Fan,4.519,5.9,39
Le Havre,Jan.,612000,9900000,2011,29,10/21/2011,Le Havre,"$5,500,000 ","$611,709 ","$13,480,196 ",2916,"[18, 35]",73532,fr,Le Havre,5.973,6.9,169
Prom,BV,10100000,1200000,2011,97,4/29/2011,Prom,"$8,000,000 ","$10,130,219 ","$10,763,183 ",2837,"[35, 10749]",51588,en,Prom,6.911,6,276
The Big Year,Fox,7200000,244000,2011,74,10/14/2011,The Big Year,"$41,000,000 ","$7,204,138 ","$7,684,524 ",2828,[35],73937,en,The Big Year,7.077,5.8,393
Take Me Home Tonight,Rela.,6900000,1200000,2011,48,3/4/2011,Take Me Home Tonight,"$19,000,000 ","$6,928,068 ","$7,576,604 ",2583,"[35, 18, 10749]",50725,en,Take Me Home Tonight,11.321,6.1,339
Cedar Rapids,FoxS,6900000,1200000,2011,51,2/11/2011,Cedar Rapids,"$10,000,000 ","$6,861,102 ","$7,862,131 ",2767,[35],52067,en,Cedar Rapids,7.694,6,206
Attack the Block,SGem,1000000,4800000,2011,7,7/29/2011,Attack the Block,"$13,000,000 ","$1,024,175 ","$6,459,183 ",2648,"[28, 35, 878]",59678,en,Attack the Block,9.612,6.4,1144
Like Crazy,ParV,3400000,336000,2011,74,10/28/2011,Like Crazy,"$250,000 ","$3,395,391 ","$3,728,400 ",2629,"[18, 10749]",60420,en,Like Crazy,10.091,6.5,638
Martha Marcy May Marlene,FoxS,3000000,548000,2011,42,10/21/2011,Martha Marcy May Marlene,"$1,000,000 ","$2,981,038 ","$5,438,911 ",2656,"[18, 53]",50837,en,Martha Marcy May Marlene,9.477,6.7,413
Machine Gun Preacher,Rela.,539000,2800000,2011,99,9/23/2011,Machine Gun Preacher,"$30,000,000 ","$538,690 ","$3,721,988 ",2666,"[28, 53, 80]",45610,en,Machine Gun Preacher,9.12,6.5,477
Take Shelter,SPC,1700000,1400000,2011,9,9/30/2011,Take Shelter,"$4,750,000 ","$1,728,953 ","$4,972,016 ",2588,"[53, 18]",64720,en,Take Shelter,11.236,7.2,787
Everything Must Go,RAtt.,2700000,1200000,2011,50,5/13/2011,Everything Must Go,"$5,000,000 ","$2,712,131 ","$2,821,010 ",2788,"[35, 18, 10749]",45658,en,Everything Must Go,7.493,6,301
Brighton Rock,IFC,230000,1600000,2011,11,8/26/2011,Brighton Rock,"$11,000,000 ","$229,653 ","$229,653 ",3017,"[18, 53, 80]",62728,en,Brighton Rock,4.749,6,57
Another Earth,FoxS,1300000,456000,2011,48,7/22/2011,Another Earth,"$175,000 ","$1,321,194 ","$2,102,779 ",2633,"[18, 878]",55420,en,Another Earth,10.03,6.7,853
A Better Life,Sum.,1800000,1200000,2011,84,6/24/2011,A Better Life,"$10,000,000 ","$1,759,252 ","$1,884,251 ",2922,[18],55720,en,A Better Life,5.885,7.1,97
The Art of Getting By,FoxS,1400000,1200000,2011,20,6/17/2011,The Art of Getting By,"$4,000,000 ","$1,430,241 ","$1,989,035 ",2692,"[18, 10749]",64678,en,The Art of Getting By,8.695,6.5,752
The Devil's Double,LGF,1400000,1200000,2011,23,7/29/2011,The Devil's Double,"$19,100,000 ","$1,361,512 ","$5,965,646 ",2786,"[18, 28, 53, 80, 10752]",62630,en,The Devil's Double,7.505,6.7,291
Red State,SMod,1100000,1200000,2011,22,9/23/2011,Red State,"$4,000,000 ","$1,065,429 ","$1,983,596 ",2758,"[27, 28, 53]",48572,en,Red State,7.816,6.1,472
There Be Dragons,Gold.,1100000,1200000,2011,21,5/6/2011,There Be Dragons,"$36,000,000 ","$1,069,334 ","$4,020,990 ",2831,"[18, 10752]",45054,en,There Be Dragons,7.058,5.1,93
Submarine,Wein.,468000,397000,2011,9,6/3/2011,Submarine,"$1,900,000 ","$467,602 ","$4,581,937 ",2797,"[18, 35, 10749]",49020,en,Submarine,7.412,7.4,770
Blackthorn,Magn.,201000,423000,2011,46,10/7/2011,Blackthorn,"$4,500,000 ","$200,558 ","$1,217,307 ",2780,"[12, 28, 37]",68818,en,Blackthorn,7.548,6.7,111
The Future,RAtt.,569000,1200000,2011,62,7/29/2011,The Future,"$1,000,000 ","$568,662 ","$1,239,174 ",3088,"[35, 18]",54662,en,The Future,3.836,5.8,38
Dum Maaro Dum,FoxS,564000,1200000,2011,46,4/22/2011,Dum Maaro Dum,"$5,200,000 ","$564,489 ","$11,633,427 ",3651,"[18, 28, 80]",63006,hi,दम मारो दम,1.491,5.4,16
Circumstance,RAtt.,454000,1200000,2011,41,8/26/2011,Circumstance,"$900,000 ","$454,121 ","$958,978 ",3222,[18],60421,fa,Circumstance,2.86,6.9,45
Another Happy Day,P4,8500,347000,2011,52,11/18/2011,Another Happy Day,"$4,000,000 ","$9,120 ","$978,527 ",2954,"[35, 18]",60422,en,Another Happy Day,5.473,6.1,60
Margaret,FoxS,46500,1200000,2011,27,9/30/2011,Margaret,"$14,000,000 ","$47,185 ","$623,292 ",2689,[18],44754,en,Margaret,8.747,6.3,138
The Son of No One,Anch.,30700,1200000,2011,51,11/4/2011,The Son of No One,"$15,000,000 ","$30,680 ","$1,148,578 ",2773,"[18, 53, 80]",74536,en,The Son of No One,7.586,5.1,156
The Dark Knight Rises,WB,448100000,636800000,2012,11,7/20/2012,The Dark Knight Rises,"$275,000,000 ","$448,139,099 ","$1,084,439,099 ",5182,"[28, 80, 18, 53]",49026,en,The Dark Knight Rises,26.22,7.7,13933
The Hobbit: An Unexpected Journey,WB (NL),303000000,718100000,2012,19,12/14/2012,The Hobbit: An Unexpected Journey,"$250,000,000 ","$303,003,568 ","$1,017,003,568 ",5180,"[12, 14, 28]",49051,en,The Hobbit: An Unexpected Journey,26.939,7.2,12076
Ice Age: Continental Drift,Fox,161300000,715900000,2012,14,7/13/2012,Ice Age: Continental Drift,"$95,000,000 ","$161,321,843 ","$879,765,137 ",5202,"[16, 35, 12, 10751]",57800,en,Ice Age: Continental Drift,17.537,6.3,4598
Madagascar 3: Europe's Most Wanted,P/DW,216400000,530500000,2012,97,6/8/2012,Madagascar 3: Europe's Most Wanted,"$145,000,000 ","$216,391,482 ","$746,921,271 ",5196,"[16, 10751, 35]",80321,en,Madagascar 3: Europe's Most Wanted,18.705,6.5,3380
The Hunger Games,LGF,408000000,286400000,2012,38,3/23/2012,The Hunger Games,"$80,000,000 ","$408,010,692 ","$677,923,379 ",5235,"[878, 12, 14]",70160,en,The Hunger Games,14.212,7.1,14587
Life of Pi,Fox,125000000,484000000,2012,88,11/21/2012,Life of Pi,"$120,000,000 ","$124,987,022 ","$620,912,003 ",5223,"[12, 18, 28]",87827,en,Life of Pi,15,7.3,8723
Ted,Uni.,218800000,330600000,2012,84,6/29/2012,Ted,"$50,000,000 ","$218,665,740 ","$556,016,627 ",5231,"[35, 14]",72105,en,Ted,14.475,6.3,7727
Brave,BV,237300000,303200000,2012,77,6/22/2012,Brave,"$185,000,000 ","$237,282,182 ","$554,606,532 ",5195,"[16, 12, 35, 10751, 28, 14]",62177,en,Brave,18.908,6.9,8116
Wreck-It Ralph,BV,189400000,281800000,2012,31,11/2/2012,Wreck-It Ralph,"$165,000,000 ","$189,412,677 ","$496,511,521 ",5187,"[10751, 16, 35, 12]",82690,en,Wreck-It Ralph,22.967,7.3,7780
Django Unchained,Wein.,162800000,262600000,2012,69,12/25/2012,Django Unchained,"$100,000,000 ","$162,805,434 ","$449,948,323 ",5189,"[18, 37]",68718,en,Django Unchained,21.26,8,15725
Prometheus,Fox,126500000,276900000,2012,75,6/8/2012,Prometheus,"$125,000,000 ","$126,477,084 ","$402,448,265 ",5184,"[878, 12, 9648]",70981,en,Prometheus,24.98,6.4,7384
Snow White and the Huntsman,Uni.,155300000,241300000,2012,19,6/1/2012,Snow White and the Huntsman,"$170,000,000 ","$155,136,755 ","$401,021,746 ",5190,"[12, 14, 18]",58595,en,Snow White and the Huntsman,21.233,5.9,5258
Hotel Transylvania,Sony,148300000,210100000,2012,96,9/28/2012,Hotel Transylvania,"$85,000,000 ","$148,313,048 ","$378,505,812 ",5220,"[16, 35, 10751, 14]",76492,en,Hotel Transylvania,15.318,6.9,5013
Journey 2: The Mysterious Island,WB (NL),103900000,231400000,2012,10,2/10/2012,Journey 2: The Mysterious Island,"$79,000,000 ","$103,860,290 ","$318,146,162 ",5232,"[12, 28, 878]",72545,en,Journey 2: The Mysterious Island,14.454,5.9,2152
The Expendables 2,LGF,85000000,229900000,2012,81,8/17/2012,The Expendables 2,"$100,000,000 ","$85,028,192 ","$311,979,256 ",5204,"[28, 12, 53]",76163,en,The Expendables 2,17.216,6.2,4219
Rise of the Guardians,P/DW,103400000,203500000,2012,2,11/21/2012,Rise of the Guardians,"$145,000,000 ","$103,412,758 ","$306,900,902 ",5225,"[16, 10751, 14]",81188,en,Rise of the Guardians,14.934,7.3,3697
Battleship,Uni.,65400000,237600000,2012,32,5/18/2012,Battleship,"$220,000,000 ","$65,233,400 ","$313,477,717 ",5188,"[53, 28, 12, 878]",44833,en,Battleship,21.742,5.6,3240
John Carter,BV,73100000,211100000,2012,14,3/9/2012,John Carter,"$275,000,000 ","$73,058,679 ","$282,778,100 ",5197,"[28, 12, 878]",49529,en,John Carter,18.549,6.1,3338
The Bourne Legacy,Uni.,113200000,162900000,2012,76,8/10/2012,The Bourne Legacy,"$125,000,000 ","$113,203,870 ","$280,355,920 ",5200,"[28, 53]",49040,en,The Bourne Legacy,18.05,6.1,3630
Dark Shadows,WB,79700000,165800000,2012,89,5/11/2012,Dark Shadows,"$150,000,000 ","$79,727,149 ","$238,202,668 ",5213,"[35, 14]",62213,en,Dark Shadows,15.75,5.9,4197
Resident Evil: Retribution,SGem,42300000,197700000,2012,4,9/14/2012,Resident Evil: Retribution,"$65,000,000 ","$42,345,531 ","$240,647,629 ",6401,"[28, 27, 878]",71679,en,Resident Evil: Retribution,1.325,5.7,2321
American Reunion,Uni.,57000000,178000000,2012,26,4/6/2012,American Reunion,"$50,000,000 ","$56,758,835 ","$236,799,211 ",5205,[35],71552,en,American Reunion,17.199,6.2,2679
Argo,WB,136000000,96300000,2012,27,10/12/2012,Argo,"$44,500,000 ","$136,025,503 ","$227,140,757 ",5212,"[18, 53]",68734,en,Argo,15.793,7.2,5127
Jack Reacher,Par.,80100000,138300000,2012,68,12/21/2012,Jack Reacher,"$60,000,000 ","$80,070,736 ","$217,370,736 ",5198,"[80, 18, 53, 28]",75780,en,Jack Reacher,18.312,6.4,4155
Safe House,Uni.,126400000,81700000,2012,99,2/10/2012,Safe House,"$85,000,000 ","$126,181,630 ","$208,542,162 ",5251,"[28, 53]",59961,en,Safe House,13.116,6.4,1997
The Vow,SGem,125000000,71100000,2012,42,2/10/2012,The Vow,"$30,000,000 ","$125,014,030 ","$197,618,160 ",5252,"[18, 10749]",72570,en,The Vow,13.046,7.1,2409
Mirror Mirror,Rela.,64900000,118100000,2012,7,3/30/2012,Mirror Mirror,"$85,000,000 ","$64,935,167 ","$173,613,482 ",5247,"[12, 35, 18, 10751, 14]",62764,en,Mirror Mirror,13.221,5.8,2099
The Dictator,Par.,59700000,119700000,2012,96,5/16/2012,The Dictator,"$65,000,000 ","$59,650,222 ","$180,148,897 ",5260,[35],76493,en,The Dictator,12.592,6,3042
Looper,TriS,66500000,110000000,2012,69,9/28/2012,Looper,"$30,000,000 ","$66,486,205 ","$170,466,405 ",5207,"[28, 53, 878]",59967,en,Looper,16.779,6.8,6723
Magic Mike,WB,113700000,53500000,2012,88,6/29/2012,Magic Mike,"$7,000,000 ","$113,721,571 ","$170,549,753 ",5241,"[18, 35]",77930,en,Magic Mike,13.7,6.1,1850
Flight,Par.,93800000,68000000,2012,23,11/2/2012,Flight,"$31,000,000 ","$93,772,375 ","$160,558,438 ",5275,[18],87502,en,Flight,11.692,6.7,3582
This Means War,Fox,54800000,101700000,2012,98,2/17/2012,This Means War,"$65,000,000 ","$54,760,791 ","$156,974,557 ",5271,"[28, 35, 10749]",59962,en,This Means War,12.017,6,2096
Paranormal Activity 4,Par.,53900000,88900000,2012,59,10/19/2012,Paranormal Activity 4,"$5,000,000 ","$53,900,335 ","$142,817,992 ",5347,[27],82990,en,Paranormal Activity 4,8.965,5.4,1026
Step Up Revolution,LG/S,35100000,105400000,2012,74,7/27/2012,Step Up Revolution,"$33,000,000 ","$35,074,677 ","$165,552,290 ",5290,"[10402, 18, 10749]",85446,en,Step Up Revolution,10.925,6.8,1252
Zero Dark Thirty,Sony,95700000,37100000,2012,66,12/19/2012,Zero Dark Thirty,"$52,500,000 ","$95,720,716 ","$134,612,435 ",5234,"[53, 18, 36]",97630,en,Zero Dark Thirty,14.239,6.9,2553
Cloud Atlas,WB,27100000,103400000,2012,63,10/26/2012,Cloud Atlas,"$102,000,000 ","$27,108,272 ","$130,673,154 ",5227,"[18, 878]",83542,en,Cloud Atlas,14.681,6.8,4505
The Woman in Black,CBS,54300000,73400000,2012,18,2/3/2012,The Woman in Black,"$15,000,000 ","$54,333,290 ","$128,955,898 ",5257,"[18, 27, 53]",65086,en,The Woman in Black,12.781,6.1,2122
Parental Guidance,Fox,77300000,42500000,2012,79,12/25/2012,Parental Guidance,"$25,000,000 ","$77,267,296 ","$120,832,383 ",5303,[35],88042,en,Parental Guidance,10.124,5.8,276
Abraham Lincoln: Vampire Hunter,Fox,37500000,79000000,2012,65,6/22/2012,Abraham Lincoln: Vampire Hunter,"$67,500,000 ","$37,519,139 ","$137,489,730 ",5262,"[28, 14, 27]",72331,en,Abraham Lincoln: Vampire Hunter,12.498,5.6,2009
Pitch Perfect,Uni.,65000000,50300000,2012,75,9/28/2012,Pitch Perfect,"$17,000,000 ","$65,001,093 ","$116,044,347 ",5239,"[35, 10402, 10749]",114150,en,Pitch Perfect,13.886,7.3,4233
ParaNorman,Focus,56000000,51100000,2012,89,8/17/2012,ParaNorman,"$60,000,000 ","$56,003,051 ","$108,119,662 ",5244,"[10751, 16, 12, 35]",77174,en,ParaNorman,13.32,6.8,1358
The Campaign,WB,86900000,18000000,2012,18,8/10/2012,The Campaign,"$95,000,000 ","$86,907,746 ","$104,907,746 ",5298,[35],77953,en,The Campaign,10.266,5.7,982
Project X,WB,54700000,48000000,2012,58,3/2/2012,Project X,"$12,000,000 ","$54,731,865 ","$103,028,188 ",5317,"[35, 80]",57214,en,Project X,9.715,6.4,2968
The Devil Inside,Par.,53300000,48500000,2012,12,1/6/2012,The Devil Inside,"$1,000,000 ","$53,262,945 ","$101,759,490 ",5444,"[53, 27]",76487,en,The Devil Inside,7.403,4.7,441
The Lucky One,WB,60500000,38900000,2012,87,4/20/2012,The Lucky One,"$25,000,000 ","$60,457,138 ","$96,633,833 ",5249,"[18, 10749]",77877,en,The Lucky One,13.14,6.9,2012
Contraband,Uni.,66500000,29700000,2012,85,1/13/2012,Contraband,"$25,000,000 ","$66,528,000 ","$98,406,855 ",5265,"[53, 28, 18, 80]",77866,en,Contraband,12.357,6.2,1114
Think Like a Man,SGem,91500000,4500000,2012,45,4/20/2012,Think Like a Man,"$12,000,000 ","$91,547,205 ","$113,373,764 ",5588,"[35, 10749]",67660,en,Think Like a Man,5.905,6.9,438
The Possession,LGF,49100000,36300000,2012,81,8/31/2012,The Possession,"$14,000,000 ","$49,130,588 ","$82,925,064 ",5345,"[27, 53]",77883,en,The Possession,8.978,5.9,918
What to Expect When You're Expecting,LGF,41200000,43200000,2012,86,5/18/2012,What to Expect When You're Expecting,"$37,500,000 ","$41,152,203 ","$88,473,016 ",5266,"[10749, 35, 18]",76494,en,What to Expect When You're Expecting,12.27,5.9,1130
Frankenweenie,BV,35300000,46200000,2012,48,10/5/2012,Frankenweenie,"$39,000,000 ","$35,287,788 ","$81,150,788 ",5230,"[16, 35, 10751]",62214,en,Frankenweenie,14.627,6.8,1685
Act of Valor,Rela.,70000000,11300000,2012,52,2/24/2012,Act of Valor,"$12,000,000 ","$70,012,847 ","$82,497,035 ",5267,"[28, 53, 10752]",75674,en,Act of Valor,12.197,6.3,583
Sinister,LG/S,48100000,29600000,2012,69,10/12/2012,Sinister,"$3,000,000 ","$48,086,903 ","$87,727,807 ",5250,"[27, 53, 9648]",82507,en,Sinister,13.117,6.8,2935
The Grey,ORF,51600000,25700000,2012,95,1/27/2012,The Grey,"$25,000,000 ","$51,580,136 ","$81,249,176 ",2543,"[18, 53, 28, 12]",75174,en,The Grey,12.942,6.5,2280
The Grey,ORF,51600000,25700000,2012,95,1/27/2012,The Grey,"$25,000,000 ","$51,580,136 ","$81,249,176 ",5253,"[18, 53, 28, 12]",75174,en,The Grey,12.942,6.5,2280
Diary of a Wimpy Kid: Dog Days,Fox,49000000,28100000,2012,17,8/3/2012,Diary of a Wimpy Kid: Dog Days,"$22,000,000 ","$49,008,662 ","$77,229,695 ",5279,"[35, 10751]",82650,en,Diary of a Wimpy Kid: Dog Days,11.36,6.2,440
To Rome with Love,SPC,16700000,56600000,2012,58,6/22/2012,To Rome with Love,"$21,500,000 ","$16,684,352 ","$74,326,015 ",5322,"[10749, 35, 18]",81836,en,To Rome with Love,9.563,5.7,1097
Here Comes the Boom,Sony,45300000,27800000,2012,52,10/12/2012,Here Comes the Boom,"$42,000,000 ","$45,290,318 ","$73,239,258 ",5299,"[28, 35]",87826,en,Here Comes the Boom,10.265,6,812
Anna Karenina,Focus,12800000,56100000,2012,13,11/16/2012,Anna Karenina,"$49,000,000 ","$12,816,367 ","$71,004,627 ",5304,"[18, 10749]",96724,en,Anna Karenina,9.987,6.7,1265
The Watch,Fox,35400000,32900000,2012,27,7/27/2012,The Watch,"$55,000,000 ","$34,353,000 ","$67,130,045 ",5301,"[28, 35, 878]",80035,en,The Watch,10.228,5.4,1356
Moonrise Kingdom,Focus,45500000,22800000,2012,33,5/25/2012,Moonrise Kingdom,"$16,000,000 ","$45,512,466 ","$68,848,446 ",5236,"[35, 18, 10749]",83666,en,Moonrise Kingdom,14.086,7.7,3023
Rock of Ages,WB (NL),38500000,20900000,2012,29,6/15/2012,Rock of Ages,"$70,000,000 ","$38,518,613 ","$61,031,932 ",5278,"[35, 18, 10402, 10749]",80585,en,Rock of Ages,11.369,6.1,686
That's My Boy,Sony,36900000,20800000,2012,71,6/15/2012,That's My Boy,"$57,500,000 ","$36,931,089 ","$58,085,235 ",5256,[35],87428,en,That's My Boy,12.817,5.5,831
The Odd Life of Timothy Green,BV,51900000,4200000,2012,36,8/15/2012,The Odd Life of Timothy Green,"$40,000,000 ","$51,853,450 ","$55,249,159 ",5336,"[14, 18, 35, 10751]",71864,en,The Odd Life of Timothy Green,9.216,6.7,605
The Three Stooges,Fox,44300000,10500000,2012,4,4/13/2012,The Three Stooges,"$30,000,000 ","$44,338,224 ","$54,052,249 ",5331,[35],76489,en,The Three Stooges,9.358,5.1,215
The Five-Year Engagement,Uni.,28800000,25100000,2012,37,4/27/2012,The Five-Year Engagement,"$30,000,000 ","$28,700,285 ","$61,623,819 ",5292,"[10749, 35]",72207,en,The Five-Year Engagement,10.729,5.8,742
Lawless,Wein.,37400000,16300000,2012,38,8/29/2012,Lawless,"$26,000,000 ","$37,397,291 ","$54,393,687 ",5268,"[80, 18]",82633,en,Lawless,12.147,7,1660
Silent Hill: Revelation 3D,ORF,17500000,34800000,2012,5,10/26/2012,Silent Hill: Revelation 3D,"$20,000,000 ","$17,530,219 ","$55,975,672 ",5242,"[53, 27, 9648]",61012,en,Silent Hill: Revelation 3D,13.681,5.2,786
Trouble with the Curve,WB,35800000,13200000,2012,18,9/21/2012,Trouble with the Curve,"$60,000,000 ","$35,763,137 ","$47,818,913 ",5367,"[18, 10749]",87825,en,Trouble with the Curve,8.548,6.7,613
End of Watch,ORF,41000000,7100000,2012,29,9/21/2012,End of Watch,"$15,000,000 ","$41,003,371 ","$57,586,606 ",5248,"[80, 18, 53]",77016,en,End of Watch,13.152,7.3,1770
Man on a Ledge,LG/S,18600000,27600000,2012,64,1/27/2012,Man on a Ledge,"$42,000,000 ","$18,620,000 ","$49,621,440 ",5283,"[28, 53, 80]",49527,en,Man on a Ledge,11.263,6.3,1460
The Guilt Trip,Par.,37100000,4700000,2012,59,12/19/2012,The Guilt Trip,"$40,000,000 ","$37,134,215 ","$41,294,674 ",5348,[35],82687,en,The Guilt Trip,8.939,5.4,403
Killing Them Softly,Wein.,15000000,22900000,2012,82,11/30/2012,Killing Them Softly,"$15,000,000 ","$14,945,541 ","$39,238,443 ",5281,"[80, 53]",64689,en,Killing Them Softly,11.298,6,1105
Chernobyl Diaries,WB,18100000,19000000,2012,18,5/25/2012,Chernobyl Diaries,"$1,000,000 ","$18,119,640 ","$42,411,721 ",5229,"[27, 53]",93856,en,Chernobyl Diaries,14.658,5,842
Dredd,LGF,13400000,22200000,2012,15,9/21/2012,Dredd,"$45,000,000 ","$13,414,714 ","$41,467,606 ",5246,"[28, 878]",49049,en,Dredd,13.223,6.7,2788
Arbitrage,RAtt.,7900000,27600000,2012,9,9/14/2012,Arbitrage,"$12,000,000 ","$7,919,574 ","$35,830,713 ",5269,"[18, 53]",60599,en,Arbitrage,12.14,6.2,459
The Perks of Being a Wallflower,LG/S,17700000,15600000,2012,77,9/21/2012,The Perks of Being a Wallflower,"$13,000,000 ","$17,742,948 ","$33,069,303 ",5222,[18],84892,en,The Perks of Being a Wallflower,15.148,7.8,5938
Katy Perry: Part of Me,Par.,25300000,7400000,2012,79,7/5/2012,Katy Perry: Part of Me,"$12,000,000 ","$25,326,071 ","$32,700,439 ",5465,"[99, 10402]",101267,en,Katy Perry: Part of Me,7.139,6.8,147
Lockout,FD,14300000,17900000,2012,22,4/13/2012,Lockout,"$20,000,000 ","$14,326,865 ","$33,943,049 ",5282,"[28, 53, 878]",81796,en,Lockout,11.273,5.9,1004
Joyful Noise,WB,30900000,226000,2012,86,1/13/2012,Joyful Noise,"$27,500,000 ","$30,932,113 ","$31,157,914 ",5500,"[35, 10402]",63574,en,Joyful Noise,6.787,6.4,70
Premium Rush,Sony,20300000,10800000,2012,10,8/24/2012,Premium Rush,"$35,000,000 ","$20,275,446 ","$31,393,201 ",5263,"[80, 28, 53]",49526,en,Premium Rush,12.484,6.2,1244
The Raven,Rela.,16000000,13600000,2012,45,4/27/2012,The Raven,"$26,000,000 ","$16,008,272 ","$30,601,801 ",5362,"[80, 53, 9648]",70436,en,The Raven,8.635,6.3,681
The Master,Wein.,16399999,11900000,2012,87,9/14/2012,The Master,"$37,500,000 ","$16,247,159 ","$50,647,416 ",5255,[18],68722,en,The Master,12.829,7.1,1323
Big Miracle,Uni.,20200000,4600000,2012,99,2/3/2012,Big Miracle,"$40,000,000 ","$20,157,300 ","$25,268,680 ",5501,"[12, 18, 10749]",78698,en,Big Miracle,6.76,6.6,250
Wanderlust,Uni.,17500000,4200000,2012,88,2/24/2012,Wanderlust,"$32,500,000 ","$17,288,155 ","$24,159,934 ",5307,"[35, 10749]",50647,en,Wanderlust,9.896,5.4,693
Amour,SPC,6700000,13100000,2012,51,12/19/2012,Amour,"$9,700,000 ","$6,738,954 ","$36,787,044 ",5293,"[18, 10749]",86837,fr,Amour,10.705,7.7,746
The Man with the Iron Fists,Uni.,15600000,4099999,2012,79,11/2/2012,The Man with the Iron Fists,"$15,000,000 ","$15,634,090 ","$22,018,988 ",5217,[28],97430,en,The Man with the Iron Fists,15.457,5.3,573
Seven Psychopaths,CBS,15000000,4400000,2012,36,10/12/2012,Seven Psychopaths,"$13,500,000 ","$15,024,049 ","$33,035,736 ",5288,"[35, 80]",86838,en,Seven Psychopaths,10.967,6.8,2109
The Words,CBS,11500000,1700000,2012,46,9/7/2012,The Words,"$6,000,000 ","$11,494,838 ","$16,369,708 ",5457,"[18, 53]",83686,en,The Words,7.201,6.6,628
People Like Us,BV,12400000,1200000,2012,60,6/29/2012,People Like Us,"$16,000,000 ","$12,431,792 ","$12,617,472 ",5339,[18],98548,en,People Like Us,9.078,6.8,360
Fun Size,Par.,9400000,2000000,2012,10,10/26/2012,Fun Size,"$14,000,000 ","$9,409,538 ","$11,166,615 ",5471,[35],82679,en,Fun Size,7.072,5.5,249
Seeking a Friend for the End of the World,Focus,7100000,2600000,2012,48,6/22/2012,Seeking a Friend for the End of the World,"$10,000,000 ","$7,078,738 ","$11,766,959 ",5394,"[35, 18, 10749, 878]",88005,en,Seeking a Friend for the End of the World,8.092,6.4,1108
The Apparition,WB,4900000,4700000,2012,4,8/24/2012,The Apparition,"$17,000,000 ","$4,936,819 ","$10,637,281 ",5409,"[27, 53]",79694,en,The Apparition,7.714,4.3,221
Bernie,MNE,9200000,1200000,2012,48,4/27/2012,Bernie,"$6,000,000 ","$9,204,489 ","$10,106,975 ",2784,"[35, 80, 18]",92591,en,Bernie,7.518,6.6,503
Bernie,MNE,9200000,1200000,2012,48,4/27/2012,Bernie,"$6,000,000 ","$9,204,489 ","$10,106,975 ",5431,"[35, 80, 18]",92591,en,Bernie,7.518,6.6,503
Chasing Mavericks,Fox,6000000,600,2012,67,10/26/2012,Chasing Mavericks,"$20,000,000 ","$6,002,756 ","$8,300,821 ",5517,[18],82684,en,Chasing Mavericks,6.546,7,329
Won't Back Down,Fox,5300000,1200000,2012,49,9/28/2012,Won't Back Down,"$19,000,000 ","$5,310,554 ","$5,745,503 ",5563,[18],82631,en,Won't Back Down,6.14,6.3,64
Safety Not Guaranteed,FD,4000000,1200000,2012,77,6/8/2012,Safety Not Guaranteed,"$750,000 ","$4,010,957 ","$4,422,318 ",5337,"[35, 10749, 878, 18]",84332,en,Safety Not Guaranteed,9.214,6.9,792
Killer Joe,LD,2000000,1700000,2012,90,7/27/2012,Killer Joe,"$10,000,000 ","$1,291,645 ","$4,659,110 ",5240,"[80, 18, 53]",73567,en,Killer Joe,13.742,6.5,703
Jab Tak Hai Jaan,Yash,3000000,1200000,2012,64,11/13/2012,Jab Tak Hai Jaan,"$9,200,000 ","$3,047,539 ","$5,806,666 ",5412,"[18, 10749]",132316,hi,जब तक है जान,7.701,6.9,107
The Paperboy,MNE,693000,661000,2012,37,10/5/2012,The Paperboy,"$12,500,000 ","$677,200 ","$4,027,663 ",5390,"[53, 18, 9648]",82390,en,The Paperboy,8.143,5.5,409
Damsels in Distress,SPC,1000000,1200000,2012,31,4/6/2012,Damsels in Distress,"$3,000,000 ","$1,007,535 ","$1,324,299 ",5512,"[35, 10749]",82533,en,Damsels in Distress,6.625,5.5,103
Darling Companion,SPC,794000,1200000,2012,34,4/20/2012,Darling Companion,"$12,000,000 ","$793,352 ","$1,200,346 ",5683,"[18, 10749]",89325,en,Darling Companion,4.656,5,46
Holy Motors,IM,641000,1200000,2012,25,10/17/2012,Holy Motors,"$4,000,000 ","$641,054 ","$4,230,426 ",5631,"[18, 14]",103328,fr,Holy Motors,5.31,7,431
Khiladi 786,Eros,379000,1200000,2012,12,12/7/2012,Khiladi 786,"$5,600,000 ","$385,422 ","$14,683,763 ",6157,"[28, 35]",147767,en,Khiladi 786,1.824,4.7,16
The First Time,Gold.,22800,1200000,2012,67,10/19/2012,The First Time,"$2,000,000 ","$17,061 ","$17,061 ",5284,"[18, 35, 10749]",84199,en,The First Time,11.25,7,1426
Iron Man 3,BV,409000000,805800000,2013,48,5/3/2013,Iron Man 3,"$200,000,000 ","$408,992,272 ","$1,215,392,272 ",7881,"[28, 12, 878]",68721,en,Iron Man 3,32.093,6.9,14155
Despicable Me 2,Uni.,368100000,602700000,2013,22,7/3/2013,Despicable Me 2,"$76,000,000 ","$368,065,385 ","$975,216,835 ",7894,"[16, 35, 10751]",93456,en,Despicable Me 2,19.014,6.9,7319
The Hobbit: The Desolation of Smaug,WB (NL),258399999,700000000,2013,21,12/13/2013,The Hobbit: The Desolation of Smaug,"$250,000,000 ","$258,366,855 ","$960,366,855 ",7890,"[12, 14, 28]",57158,en,The Hobbit: The Desolation of Smaug,21.275,7.6,7739
The Hunger Games: Catching Fire,LGF,424700000,440300000,2013,38,11/22/2013,The Hunger Games: Catching Fire,"$130,000,000 ","$424,668,047 ","$864,868,047 ",7893,"[12, 28, 878]",101299,en,The Hunger Games: Catching Fire,20.187,7.4,11170
Monsters University,BV,268500000,475700000,2013,53,6/21/2013,Monsters University,"$200,000,000 ","$268,488,329 ","$743,588,329 ",7892,"[16, 10751]",62211,en,Monsters University,20.33,7,6362
Gravity,WB,274100000,449100000,2013,16,10/4/2013,Gravity,"$110,000,000 ","$274,092,705 ","$693,698,673 ",7884,"[878, 53, 18]",49047,en,Gravity,27.836,7.2,9586
Man of Steel,WB,291000000,377000000,2013,29,6/14/2013,Man of Steel,"$225,000,000 ","$291,045,518 ","$667,999,518 ",7885,"[28, 12, 14, 878]",49521,en,Man of Steel,27.667,6.5,9758
Thor: The Dark World,BV,206400000,438200000,2013,66,11/8/2013,Thor: The Dark World,"$150,000,000 ","$206,362,140 ","$644,602,516 ",7882,"[28, 12, 14]",76338,en,Thor: The Dark World,31.014,6.7,10171
The Croods,Fox,187200000,400000000,2013,26,3/22/2013,The Croods,"$135,000,000 ","$187,168,425 ","$573,068,425 ",7914,"[28, 12, 16, 35, 10751, 14]",49519,en,The Croods,16.29,6.8,3873
World War Z,Par.,202400000,337600000,2013,69,6/21/2013,World War Z,"$190,000,000 ","$202,359,711 ","$531,514,650 ",7935,"[28, 18, 27, 878, 53]",72190,en,World War Z,14.582,6.7,9132
Star Trek Into Darkness,Par.,228800000,238600000,2013,68,5/16/2013,Star Trek Into Darkness,"$190,000,000 ","$228,778,661 ","$467,381,584 ",7891,"[28, 12, 878]",54138,en,Star Trek Into Darkness,20.487,7.4,6182
Pacific Rim,WB,101800000,309200000,2013,72,7/12/2013,Pacific Rim,"$190,000,000 ","$101,802,906 ","$411,002,906 ",7907,"[28, 878, 12]",68726,en,Pacific Rim,16.759,6.8,7632
The Wolf of Wall Street,Par.,116900000,275100000,2013,76,12/25/2013,The Wolf of Wall Street,"$100,000,000 ","$116,900,694 ","$389,870,414 ",7883,"[80, 18, 35]",106646,en,The Wolf of Wall Street,29.518,7.9,12411
Now You See Me,LG/S,117700000,234000000,2013,41,5/31/2013,Now You See Me,"$75,000,000 ","$117,723,989 ","$342,769,200 ",7909,"[53, 80]",75656,en,Now You See Me,16.646,7.4,9871
The Smurfs 2,Sony,71000000,276500000,2013,33,7/31/2013,The Smurfs 2,"$110,000,000 ","$71,017,784 ","$348,547,523 ",7961,"[14, 10751, 35, 16]",77931,en,The Smurfs 2,12.941,5.7,1200
The Conjuring,WB (NL),137400000,182100000,2013,93,7/19/2013,The Conjuring,"$20,000,000 ","$137,400,141 ","$318,000,141 ",7895,"[27, 53]",138843,en,The Conjuring,18.886,7.5,5912
A Good Day to Die Hard,Fox,67300000,237300000,2013,34,2/14/2013,A Good Day to Die Hard,"$92,000,000 ","$67,349,198 ","$304,249,198 ",7919,"[28, 53]",47964,en,A Good Day to Die Hard,15.858,5.2,4437
Elysium,TriS,93100000,193100000,2013,92,8/9/2013,Elysium,"$120,000,000 ","$93,050,117 ","$286,192,091 ",7902,"[878, 28, 18, 53]",68724,en,Elysium,17.663,6.4,5406
Cloudy with a Chance of Meatballs 2,Sony,119800000,154500000,2013,13,9/27/2013,Cloudy with a Chance of Meatballs 2,"$78,000,000 ","$119,793,567 ","$274,392,649 ",7899,"[16, 10751, 35]",109451,en,Cloudy with a Chance of Meatballs 2,18.335,6.4,1679
We're the Millers,WB (NL),150400000,119600000,2013,90,8/7/2013,We're the Millers,"$37,000,000 ","$150,394,119 ","$267,816,276 ",7933,"[35, 80]",138832,en,We're the Millers,14.746,6.8,5231
Epic,Fox,107500000,160900000,2013,77,5/24/2013,Epic,"$100,000,000 ","$107,518,682 ","$262,794,441 ",7941,"[16, 12, 10751, 14]",116711,en,Epic,13.995,6.4,1670
Grown Ups 2,Sony,133699999,113300000,2013,48,7/12/2013,Grown Ups 2,"$80,000,000 ","$133,668,525 ","$247,023,808 ",7988,[35],109418,en,Grown Ups 2,11.289,5.9,2090
After Earth,Sony,60500000,183300000,2013,53,5/31/2013,After Earth,"$130,000,000 ","$60,522,097 ","$251,499,665 ",7937,"[878, 28, 12]",82700,en,After Earth,14.415,5.1,4154
The Heat,Fox,159600000,70300000,2013,35,6/28/2013,The Heat,"$43,000,000 ","$159,581,587 ","$229,727,774 ",7906,"[28, 35, 80]",136795,en,The Heat,16.912,6.6,2441
Captain Phillips,Sony,107100000,111700000,2013,92,10/11/2013,Captain Phillips,"$55,000,000 ","$107,136,417 ","$220,648,184 ",7922,"[28, 18, 53]",109424,en,Captain Phillips,15.483,7.6,3909
White House Down,Sony,73100000,132300000,2013,90,6/28/2013,White House Down,"$150,000,000 ","$73,103,784 ","$205,440,387 ",7959,"[28, 18, 53]",117251,en,White House Down,13.026,6.4,2817
Percy Jackson: Sea of Monsters,Fox,68600000,131300000,2013,64,8/7/2013,Percy Jackson: Sea of Monsters,"$90,000,000 ","$68,559,554 ","$200,859,554 ",7920,"[12, 10751, 14]",76285,en,Percy Jackson: Sea of Monsters,15.762,5.9,3109
Jack the Giant Slayer,WB (NL),65200000,132500000,2013,66,3/1/2013,Jack the Giant Slayer,"$195,000,000 ","$65,187,603 ","$197,687,603 ",7964,"[28, 12, 10751, 14]",81005,en,Jack the Giant Slayer,12.773,5.6,3403
The Secret Life of Walter Mitty,Fox,58200000,129900000,2013,37,12/25/2013,The Secret Life of Walter Mitty,"$91,000,000 ","$58,236,838 ","$187,861,183 ",7998,"[12, 35, 18, 14]",116745,en,The Secret Life of Walter Mitty,10.743,7.1,4859
Anchorman 2: The Legend Continues,Par.,125200000,46300000,2013,92,12/18/2013,Anchorman 2: The Legend Continues,"$50,000,000 ","$127,352,707 ","$172,185,754 ",7972,[35],109443,en,Anchorman 2: The Legend Continues,12.08,6.1,1408
Olympus Has Fallen,FD,98900000,71300000,2013,9,3/22/2013,Olympus Has Fallen,"$70,000,000 ","$98,927,592 ","$172,878,928 ",7943,"[28, 53]",117263,en,Olympus Has Fallen,13.864,6.2,4086
Jackass Presents: Bad Grandpa,Par.,102000000,49800000,2013,3,10/25/2013,Jackass Presents: Bad Grandpa,"$15,000,000 ","$102,003,019 ","$160,903,019 ",8074,[35],208134,en,Jackass Presents: Bad Grandpa,8.823,6,928
47 Ronin,Uni.,38400000,113400000,2013,12,12/25/2013,47 Ronin,"$175,000,000 ","$38,362,475 ","$151,716,815 ",7887,"[18, 28, 12, 14]",64686,en,47 Ronin,25.049,6,2080
Mama,Uni.,71600000,74800000,2013,9,1/18/2013,Mama,"$15,000,000 ","$71,628,180 ","$148,095,566 ",7973,[27],132232,en,Mama,11.983,6.1,2421
Escape Plan,LG/S,25100000,112200000,2013,37,10/18/2013,Escape Plan,"$70,000,000 ","$25,135,965 ","$103,735,965 ",7901,"[28, 53]",107846,en,Escape Plan,17.88,6.7,2799
2 Guns,Uni.,75600000,56300000,2013,39,8/2/2013,2 Guns,"$61,000,000 ","$75,612,460 ","$132,493,015 ",7931,"[28, 35, 80]",136400,en,2 Guns,14.8,6.5,2368
Walking with Dinosaurs,Fox,36100000,90500000,2013,93,12/20/2013,Walking with Dinosaurs,"$80,000,000 ","$36,076,121 ","$123,368,842 ",8004,"[16, 10751, 12]",77951,en,Walking with Dinosaurs,10.56,5.4,210
Ender's Game,LG/S,61700000,63800000,2013,36,11/1/2013,Ender's Game,"$110,000,000 ","$61,737,191 ","$127,983,283 ",7921,"[878, 28, 12]",80274,en,Ender's Game,15.533,6.6,3558
Warm Bodies,LG/S,66400000,50600000,2013,70,2/1/2013,Warm Bodies,"$30,000,000 ","$66,380,662 ","$115,121,608 ",7953,"[27, 35, 10749]",82654,en,Warm Bodies,13.259,6.3,4109
Free Birds,Rela.,55800000,54600000,2013,16,11/1/2013,Free Birds,"$55,000,000 ","$55,750,480 ","$110,387,072 ",7994,"[16, 35, 10751]",175574,en,Free Birds,11.062,5.8,410
Gangster Squad,WB,46000000,59200000,2013,4,1/11/2013,Gangster Squad,"$60,000,000 ","$46,000,903 ","$104,100,903 ",7958,"[80, 18, 28, 53]",82682,en,Gangster Squad,13.029,6.3,2527
Riddick,Uni.,42000000,56300000,2013,66,9/6/2013,Riddick,"$38,000,000 ","$42,025,135 ","$94,763,758 ",7904,"[878, 28, 53]",87421,en,Riddick,17.434,6.2,2852
Safe Haven,Rela.,71300000,26200000,2013,41,2/14/2013,Safe Haven,"$28,000,000 ","$71,399,120 ","$94,050,951 ",8058,[10749],112949,en,Safe Haven,9.095,7.1,1433
Blue Jasmine,SPC,33400000,64099999,2013,90,7/26/2013,Blue Jasmine,"$18,000,000 ","$33,404,871 ","$102,912,961 ",8009,"[35, 18]",160588,en,Blue Jasmine,10.443,7,1983
The Mortal Instruments: City of Bones,SGem,31200000,64200000,2013,26,8/21/2013,The Mortal Instruments: City of Bones,"$60,000,000 ","$31,165,421 ","$75,965,567 ",7912,"[28, 12, 18, 9648, 10749, 14]",123553,en,The Mortal Instruments: City of Bones,16.484,6.3,2915
The Internship,Fox,44700000,48800000,2013,63,6/7/2013,The Internship,"$58,000,000 ","$44,672,764 ","$93,672,764 ",10414,[35],116741,en,The Internship,0.6,6.2,2631
Dhoom 3,Yash,8000000,80000000,2013,60,12/20/2013,Dhoom 3,"$24,000,000 ","$8,031,955 ","$11,723,620 ",8239,"[28, 53]",44977,hi,धूम ३,6.798,5.9,136
R.I.P.D.,Uni.,33600000,44700000,2013,55,7/19/2013,R.I.P.D.,"$130,000,000 ","$33,618,855 ","$79,076,678 ",7889,"[14, 28, 35, 80]",49524,en,R.I.P.D.,21.377,5.6,2047
The Book Thief,Fox,21500000,55100000,2013,41,11/8/2013,The Book Thief,"$19,000,000 ","$21,488,481 ","$76,086,711 ",8062,[18],203833,en,The Book Thief,9.034,7.5,2788
The Best Man Holiday,Uni.,70500000,2300000,2013,73,11/15/2013,The Best Man Holiday,"$17,000,000 ","$70,525,195 ","$72,835,710 ",8087,[35],146304,en,The Best Man Holiday,8.581,6.6,145
The Counselor,Fox,17000000,54000000,2013,58,10/25/2013,The Counselor,"$25,000,000 ","$16,973,715 ","$71,009,334 ",8005,"[53, 80, 18]",109091,en,The Counselor,10.55,5.1,1072
Kick-Ass 2,Uni.,28800000,32000000,2013,65,8/16/2013,Kick-Ass 2,"$28,000,000 ","$28,795,985 ","$63,129,909 ",7932,"[28, 12, 80]",59859,en,Kick-Ass 2,14.793,6.4,3785
A Haunted House,ORF,40000000,20100000,2013,12,1/11/2013,A Haunted House,"$2,500,000 ","$40,041,683 ","$59,922,558 ",8224,"[35, 27]",139038,en,A Haunted House,6.909,5.5,871
Delivery Man,BV,30700000,19300000,2013,21,11/22/2013,Delivery Man,"$22,000,000 ","$30,659,817 ","$70,536,870 ",8118,[35],146239,en,Delivery Man,7.962,6.2,858
Texas Chainsaw 3D,LGF,34300000,12900000,2013,55,1/4/2013,Texas Chainsaw 3D,"$20,000,000 ","$34,341,945 ","$47,666,013 ",7900,"[27, 53]",76617,en,Texas Chainsaw 3D,18.256,5.3,780
Parker,FD,17600000,28600000,2013,18,1/25/2013,Parker,"$35,000,000 ","$17,616,641 ","$48,543,388 ",7929,"[28, 80]",119283,en,Parker,14.95,5.8,1868
The World's End,Focus,26000000,20100000,2013,76,8/23/2013,The World's End,"$20,000,000 ","$26,004,851 ","$47,508,505 ",7965,"[35, 28, 878]",107985,en,The World's End,12.719,6.7,2990
Grudge Match,WB,29800000,15100000,2013,77,12/25/2013,Grudge Match,"$40,000,000 ","$29,807,260 ","$69,807,260 ",8122,[35],64807,en,Grudge Match,7.918,6,711
Homefront,ORF,20200000,22900000,2013,29,11/27/2013,Homefront,"$22,000,000 ","$20,158,492 ","$51,695,362 ",7936,"[28, 53]",204082,en,Homefront,14.422,6.5,1410
Snitch,LG/S,42900000,1200000,2013,26,2/22/2013,Snitch,"$15,000,000 ","$42,930,462 ","$57,907,734 ",7908,"[53, 18]",134411,en,Snitch,16.673,5.9,1493
Jobs,ORF,16100000,19800000,2013,11,8/16/2013,Jobs,"$18,000,000 ","$16,131,410 ","$43,402,515 ",8115,"[18, 36]",115782,en,Jobs,8.023,6.1,1622
Inside Llewyn Davis,CBS,13200000,19700000,2013,94,12/6/2013,Inside Llewyn Davis,"$11,000,000 ","$13,248,209 ","$32,943,247 ",8006,[18],86829,en,Inside Llewyn Davis,10.549,7.2,1400
Movie 43,Rela.,8800000,23600000,2013,39,1/25/2013,Movie 43,"$10,000,000 ","$8,840,453 ","$31,164,747 ",7962,[35],87818,en,Movie 43,12.813,4.4,1332
Kevin Hart: Let Me Explain,LG/S,32200000,74000,2013,14,7/3/2013,Kevin Hart: Let Me Explain,"$2,500,000 ","$32,244,051 ","$32,327,255 ",8089,"[35, 99]",181330,en,Kevin Hart: Let Me Explain,8.476,6.9,142
Spring Breakers,A24,14100000,17600000,2013,3,3/15/2013,Spring Breakers,"$5,000,000 ","$14,124,286 ","$31,149,251 ",8000,"[18, 80]",122081,en,Spring Breakers,10.691,5,2495
Don Jon,Rela.,24500000,6000000,2013,18,9/27/2013,Don Jon,"$5,500,000 ","$24,477,704 ","$41,268,579 ",7963,"[10749, 35, 18]",138697,en,Don Jon,12.78,5.9,2709
Nebraska,Par.,17700000,10000000,2013,91,11/15/2013,Nebraska,"$12,000,000 ","$17,654,912 ","$24,761,360 ",8041,"[18, 12]",129670,en,Nebraska,9.521,7.4,967
The Incredible Burt Wonderstone,WB (NL),22500000,4900000,2013,7,3/15/2013,The Incredible Burt Wonderstone,"$32,000,000 ","$22,537,881 ","$27,392,609 ",8045,[35],124459,en,The Incredible Burt Wonderstone,9.362,5.4,920
Dark Skies,W/Dim.,17400000,9000000,2013,97,2/22/2013,Dark Skies,"$3,500,000 ","$17,418,667 ","$27,704,111 ",7978,"[878, 53, 27]",145135,en,Dark Skies,11.582,6.1,1004
Enough Said,FoxS,17600000,7700000,2013,88,9/18/2013,Enough Said,"$8,000,000 ","$17,550,872 ","$25,621,449 ",8081,"[35, 18, 10749]",209263,en,Enough Said,8.722,6.7,464
Trance,FoxS,2300000,21900000,2013,71,4/5/2013,Trance,"$16,000,000 ","$2,322,593 ","$22,594,052 ",8036,"[53, 80, 18, 9648]",68727,en,Trance,9.571,6.6,1348
Baggage Claim,FoxS,21600000,887000,2013,38,9/27/2013,Baggage Claim,"$8,500,000 ","$21,569,509 ","$22,885,836 ",8084,[35],175528,en,Baggage Claim,8.666,5.4,127
The Sapphires,Wein.,2500000,18000000,2013,3,3/22/2013,The Sapphires,"$9,000,000 ","$2,450,867 ","$20,395,040 ",8308,"[35, 18]",110146,en,The Sapphires,6.16,6.7,97
Broken City,Fox,19700000,1200000,2013,11,1/18/2013,Broken City,"$35,000,000 ","$19,701,164 ","$34,480,045 ",7949,"[53, 80, 18]",98357,en,Broken City,13.646,5.9,814
You're Next,LGF,18500000,1200000,2013,17,8/23/2013,You're Next,"$1,000,000 ","$18,494,006 ","$26,887,177 ",7983,"[27, 53, 9648]",83899,en,You're Next,11.45,6.6,1258
Dead Man Down,FD,10900000,7200000,2013,78,3/8/2013,Dead Man Down,"$30,000,000 ","$10,895,295 ","$19,599,974 ",8013,"[53, 28, 80, 18]",102362,en,Dead Man Down,10.349,6,866
Admission,Focus,18000000,1200000,2013,76,3/22/2013,Admission,"$13,000,000 ","$18,007,317 ","$18,733,666 ",8111,"[35, 18, 10749]",144340,en,Admission,8.065,5.5,385
The Last Exorcism Part II,CBS,15200000,1200000,2013,90,3/1/2013,The Last Exorcism Part II,"$4,000,000 ","$15,179,303 ","$25,448,707 ",8157,"[27, 53, 18]",146203,en,The Last Exorcism Part II,7.561,4.5,297
Machete Kills,ORF,8000000,7000000,2013,58,10/11/2013,Machete Kills,"$20,000,000 ","$8,008,161 ","$18,273,009 ",8012,"[28, 80, 53]",106747,en,Machete Kills,10.36,5.5,1079
Paranoia,Rela.,7400000,6400000,2013,19,8/16/2013,Paranoia,"$40,000,000 ","$7,388,654 ","$16,340,767 ",8144,"[18, 53]",115348,en,Paranoia,7.674,5.7,518
Stoker,FoxS,1700000,10400000,2013,29,3/1/2013,Stoker,"$12,000,000 ","$1,703,125 ","$12,034,913 ",7999,"[18, 27, 53]",86825,en,Stoker,10.738,6.6,1282
Only God Forgives,RTWC,779000,9900000,2013,8,7/19/2013,Only God Forgives,"$4,800,000 ","$775,849 ","$4,494,560 ",8016,"[18, 53, 80]",77987,en,Only God Forgives,10.196,5.8,1396
Bullet to the Head,WB,9500000,1200000,2013,42,2/1/2013,Bullet to the Head,"$55,000,000 ","$9,489,829 ","$22,597,969 ",7903,"[28, 80, 53]",70074,en,Bullet to the Head,17.574,5.4,681
The Fifth Estate,BV,3300000,5300000,2013,50,10/18/2013,The Fifth Estate,"$26,000,000 ","$3,254,172 ","$6,154,172 ",8257,"[18, 53]",162903,en,The Fifth Estate,6.611,5.9,549
Black Nativity,FoxS,7000000,436000,2013,63,11/27/2013,Black Nativity,"$17,500,000 ","$7,018,188 ","$7,285,135 ",9036,"[18, 10402]",175541,en,Black Nativity,1.779,5.7,25
The Sweeney,EOne,26700,6300000,2013,53,3/1/2013,The Sweeney,"$4,500,000 ","$26,345 ","$8,000,366 ",8275,"[28, 80]",116613,en,The Sweeney,6.4,5.9,142
Frances Ha,IFC,4099999,1200000,2013,14,5/17/2013,Frances Ha,"$3,000,000 ","$4,067,398 ","$11,262,769 ",5327,"[35, 18]",121986,en,Frances Ha,9.42,7.4,624
Frances Ha,IFC,4099999,1200000,2013,14,5/17/2013,Frances Ha,"$3,000,000 ","$4,067,398 ","$11,262,769 ",8044,"[35, 18]",121986,en,Frances Ha,9.42,7.4,624
The East,FoxS,2300000,99700,2013,99,5/31/2013,The East,"$6,500,000 ","$2,274,649 ","$3,027,956 ",8114,"[18, 53]",87499,en,The East,8.044,6.6,438
All the Boys Love Mandy Lane,RTWC,1100000,1900000,2013,83,10/11/2013,All the Boys Love Mandy Lane,"$750,000 ",$0 ,"$1,960,521 ",8020,"[27, 9648, 53]",9022,en,All the Boys Love Mandy Lane,10.03,5.5,326
Ain't Them Bodies Saints,IFC,397000,635000,2013,64,8/16/2013,Ain't Them Bodies Saints,"$5,000,000 ","$391,611 ","$1,075,009 ",8105,"[80, 18, 10749, 37]",152748,en,Ain't Them Bodies Saints,8.166,6.2,217
Transformers: Age of Extinction,Par.,245400000,858600000,2014,37,6/27/2014,Transformers: Age of Extinction,"$210,000,000 ","$245,439,076 ","$1,104,039,076 ",11045,"[878, 28, 12]",91314,en,Transformers: Age of Extinction,20.961,5.8,4805
The Hobbit: The Battle of the Five Armies,WB (NL),255100000,700900000,2014,22,12/17/2014,The Hobbit: The Battle of the Five Armies,"$250,000,000 ","$255,119,788 ","$945,577,621 ",11020,"[28, 12, 14]",122917,en,The Hobbit: The Battle of the Five Armies,53.783,7.3,8392
Guardians of the Galaxy,BV,333200000,440200000,2014,14,8/1/2014,Guardians of the Galaxy,"$170,000,000 ","$333,172,112 ","$770,867,516 ",11021,"[28, 878, 12]",118340,en,Guardians of the Galaxy,49.606,7.9,17958
Maleficent,BV,241400000,517100000,2014,84,5/30/2014,Maleficent,"$180,000,000 ","$241,407,328 ","$758,536,735 ",11054,"[14, 12, 28, 10751, 10749]",102651,en,Maleficent,19.274,7,8143
The Hunger Games: Mockingjay - Part 1,LGF,337100000,418200000,2014,62,11/21/2014,The Hunger Games: Mockingjay - Part 1,"$125,000,000 ","$337,135,885 ","$766,575,131 ",11025,"[878, 12, 53]",131631,en,The Hunger Games: Mockingjay - Part 1,33.837,6.8,10087
X-Men: Days of Future Past,Fox,233900000,513900000,2014,55,5/23/2014,X-Men: Days of Future Past,"$200,000,000 ","$233,921,534 ","$747,862,775 ",11022,"[28, 12, 14, 878]",127585,en,X-Men: Days of Future Past,41.867,7.5,10062
Captain America: The Winter Soldier,BV,259800000,454500000,2014,16,4/4/2014,Captain America: The Winter Soldier,"$170,000,000 ","$259,746,958 ","$714,401,889 ",11063,"[28, 12, 878]",100402,en,Captain America: The Winter Soldier,18.073,7.7,11034
Dawn of the Planet of the Apes,Fox,208500000,502100000,2014,17,7/11/2014,Dawn of the Planet of the Apes,"$170,000,000 ","$208,545,589 ","$710,644,566 ",11034,"[878, 28, 18, 53]",119450,en,Dawn of the Planet of the Apes,27.641,7.3,7080
The Amazing Spider-Man 2,Sony,202900000,506100000,2014,56,5/2/2014,The Amazing Spider-Man 2,"$200,000,000 ","$202,853,933 ","$708,996,336 ",11048,"[28, 12, 14]",102382,en,The Amazing Spider-Man 2,20.847,6.4,7220
Interstellar,Par.,188000000,489400000,2014,32,11/5/2014,Interstellar,"$165,000,000 ","$188,017,894 ","$666,379,375 ",11032,"[12, 18, 878]",157336,en,Interstellar,28.44,8.2,18597
Big Hero 6,BV,222500000,435300000,2014,29,11/7/2014,Big Hero 6,"$165,000,000 ","$222,527,828 ","$652,127,828 ",11024,"[12, 10751, 16, 28, 35]",177572,en,Big Hero 6,36.92,7.8,10176
Big Hero 6,BV,222500000,435300000,2014,29,11/7/2014,Big Hero 6,"$165,000,000 ","$222,527,828 ","$652,127,828 ",14170,"[12, 10751, 16, 28, 35]",177572,en,Big Hero 6,36.92,7.8,10176
How to Train Your Dragon 2,Fox,177000000,444500000,2014,99,6/13/2014,How to Train Your Dragon 2,"$145,000,000 ","$177,002,924 ","$614,586,270 ",11035,"[14, 28, 12, 16, 35, 10751]",82702,en,How to Train Your Dragon 2,27.106,7.7,5589
American Sniper,WB,350100000,197300000,2014,57,12/25/2014,American Sniper,"$58,000,000 ","$350,126,372 ","$547,326,372 ",11057,"[10752, 28]",190859,en,American Sniper,18.473,7.4,7658
American Sniper,WB,350100000,197300000,2014,57,12/25/2014,American Sniper,"$58,000,000 ","$350,126,372 ","$547,326,372 ",14209,"[10752, 28]",190859,en,American Sniper,18.473,7.4,7658
Rio 2,Fox,131500000,368600000,2014,49,4/11/2014,Rio 2,"$130,000,000 ","$131,538,435 ","$492,846,291 ",11062,"[12, 35, 10751, 16]",172385,en,Rio 2,18.11,6.3,1803
Lucy,Uni.,126700000,336700000,2014,83,7/25/2014,Lucy,"$40,000,000 ","$126,573,960 ","$457,507,776 ",11068,"[28, 878]",240832,en,Lucy,16.73,6.3,10019
Penguins of Madagascar,Fox,83400000,289700000,2014,37,11/26/2014,Penguins of Madagascar,"$132,000,000 ","$83,350,911 ","$366,942,531 ",11046,"[10751, 16, 12, 35]",270946,en,Penguins of Madagascar,20.899,6.4,2273
Edge of Tomorrow,WB,100200000,270300000,2014,95,6/6/2014,Edge of Tomorrow,"$178,000,000 ","$100,206,256 ","$370,541,256 ",11051,"[28, 878]",137113,en,Edge of Tomorrow,19.753,7.6,8047
Gone Girl,Fox,167800000,201600000,2014,36,10/3/2014,Gone Girl,"$61,000,000 ","$167,767,189 ","$368,567,189 ",11027,"[9648, 53, 18]",210577,en,Gone Girl,31.215,7.9,10459
Night at the Museum: Secret of the Tomb,Fox,113700000,249500000,2014,60,12/19/2014,Night at the Museum: Secret of the Tomb,"$127,000,000 ","$113,746,621 ","$353,756,621 ",11050,"[12, 35, 14, 10751]",181533,en,Night at the Museum: Secret of the Tomb,20.064,6.1,3536
Noah,Par.,101200000,261399999,2014,51,3/28/2014,Noah,"$130,000,000 ","$101,200,044 ","$352,831,065 ",11093,"[18, 12]",86834,en,Noah,13.905,5.6,3955
The Maze Runner,Fox,102400000,245900000,2014,60,9/19/2014,The Maze Runner,"$34,000,000 ","$102,427,862 ","$348,319,861 ",11023,"[28, 9648, 878, 53]",198663,en,The Maze Runner,36.955,7.1,10626
22 Jump Street,Sony,191700000,139600000,2014,85,6/13/2014,22 Jump Street,"$50,000,000 ","$191,719,337 ","$331,333,876 ",11136,"[80, 35, 28]",187017,en,22 Jump Street,11.176,6.9,5167
Divergent,LG/S,150900000,137900000,2014,95,3/21/2014,Divergent,"$85,000,000 ","$150,947,895 ","$276,014,965 ",11066,"[28, 12, 878]",157350,en,Divergent,16.982,6.9,8279
Mr. Peabody & Sherman,Fox,111500000,164200000,2014,1,3/7/2014,Mr. Peabody & Sherman,"$145,000,000 ","$111,506,430 ","$269,806,430 ",11108,"[16, 12, 10751]",82703,en,Mr. Peabody & Sherman,12.813,6.6,1357
Neighbors,Uni.,150200000,120500000,2014,64,5/9/2014,Neighbors,"$18,000,000 ","$150,086,800 ","$270,944,428 ",11083,[35],195589,en,Neighbors,14.979,6.2,4536
Exodus: Gods and Kings,Fox,65000000,203200000,2014,16,12/12/2014,Exodus: Gods and Kings,"$140,000,000 ","$65,014,513 ","$268,314,513 ",11036,"[12, 18, 28]",147441,en,Exodus: Gods and Kings,26.789,5.7,2909
Annabelle,WB (NL),84300000,172800000,2014,84,10/3/2014,Annabelle,"$6,500,000 ","$84,273,813 ","$256,862,920 ",11091,[27],250546,en,Annabelle,13.989,5.6,3357
Non-Stop,Uni.,92200000,130600000,2014,2,2/28/2014,Non-Stop,"$50,000,000 ","$91,742,160 ","$222,383,055 ",11100,"[28, 53, 9648]",225574,en,Non-Stop,13.562,6.8,3330
The Expendables 3,LGF,39300000,175300000,2014,96,8/15/2014,The Expendables 3,"$100,000,000 ","$39,322,544 ","$209,461,378 ",11056,"[28, 12, 53]",138103,en,The Expendables 3,18.797,6.1,2876
Into the Woods,BV,128000000,85100000,2014,77,12/25/2014,Into the Woods,"$56,200,000 ","$128,002,372 ","$213,116,401 ",11097,"[14, 35]",224141,en,Into the Woods,13.726,5.7,2880
Need for Speed,BV,43600000,159700000,2014,70,3/14/2014,Need for Speed,"$66,000,000 ","$43,568,507 ","$194,169,619 ",11098,"[28, 80, 18, 53]",136797,en,Need for Speed,13.723,6.1,2389
The Equalizer,Sony,101500000,90800000,2014,96,9/26/2014,The Equalizer,"$55,000,000 ","$101,530,738 ","$192,903,624 ",11030,"[53, 28, 80]",156022,en,The Equalizer,28.942,7.2,4989
The Grand Budapest Hotel,FoxS,59300000,115500000,2014,27,3/7/2014,The Grand Budapest Hotel,"$31,000,000 ","$59,076,019 ","$163,981,261 ",11061,"[35, 18]",120467,en,The Grand Budapest Hotel,18.31,8,8091
Dumb and Dumber To,Uni.,86200000,83600000,2014,1,11/14/2014,Dumb and Dumber To,"$40,000,000 ","$86,208,010 ","$156,553,592 ",11074,[35],100042,en,Dumb and Dumber To,15.964,5.5,1842
Unbroken,Uni.,115600000,47800000,2014,82,12/25/2014,Unbroken,"$65,000,000 ","$115,637,895 ","$163,527,824 ",11113,"[18, 10752]",227306,en,Unbroken,12.354,7.4,2240
The Monuments Men,Sony,78000000,77000000,2014,14,2/7/2014,The Monuments Men,"$70,000,000 ","$78,031,620 ","$158,702,748 ",11107,"[10752, 18, 36, 28]",152760,en,The Monuments Men,12.861,5.9,2229
Ride Along,Uni.,134900000,19500000,2014,67,1/17/2014,Ride Along,"$25,000,000 ","$134,202,565 ","$153,733,800 ",11152,"[28, 35]",168530,en,Ride Along,10.831,6.2,1277
Jack Ryan: Shadow Recruit,Par.,50600000,84900000,2014,97,1/17/2014,Jack Ryan: Shadow Recruit,"$60,000,000 ","$50,577,412 ","$131,377,412 ",11143,"[28, 18, 53]",137094,en,Jack Ryan: Shadow Recruit,11.061,6.1,1687
Blended,WB,46300000,81700000,2014,90,5/23/2014,Blended,"$45,000,000 ","$46,290,741 ","$127,990,741 ",11160,[35],232672,en,Blended,10.613,6.7,1709
Sex Tape,Sony,38500000,87500000,2014,54,7/18/2014,Sex Tape,"$40,000,000 ","$38,543,473 ","$126,069,509 ",11049,[35],225886,en,Sex Tape,20.429,5.3,2684
The Nut Job,ORF,64300000,56600000,2014,72,1/17/2014,The Nut Job,"$30,000,000 ","$64,251,538 ","$122,529,966 ",11163,"[16, 35, 10751, 12]",227783,en,The Nut Job,10.501,5.6,529
Pompeii,TriS,23200000,94600000,2014,97,2/21/2014,Pompeii,"$80,000,000 ","$23,169,033 ","$108,469,033 ",11040,"[28, 12, 36, 10749, 18]",76649,en,Pompeii,25.215,5.4,2078
The Purge: Anarchy,Uni.,72000000,40000000,2014,71,7/18/2014,The Purge: Anarchy,"$9,000,000 ","$71,562,550 ","$111,534,881 ",11033,"[27, 53]",238636,en,The Purge: Anarchy,28.424,6.6,3754
The Boxtrolls,Focus,50800000,58400000,2014,94,9/26/2014,The Boxtrolls,"$60,000,000 ","$50,837,305 ","$111,946,251 ",11134,"[16, 35, 10751, 14]",170687,en,The Boxtrolls,11.219,6.7,1016
Horrible Bosses 2,WB,54400000,53200000,2014,31,11/26/2014,Horrible Bosses 2,"$40,000,000 ","$54,445,357 ","$105,945,357 ",11058,[35],227159,en,Horrible Bosses 2,18.421,6.2,2581
Ouija,Uni.,50900000,52700000,2014,60,10/24/2014,Ouija,"$5,000,000 ","$50,856,010 ","$103,300,632 ",11081,[27],242512,en,Ouija,15.389,5.1,1670
"Alexander and the Terrible, Horrible, No Good, Very Bad Day",BV,67000000,34400000,2014,44,10/10/2014,"Alexander and the Terrible, Horrible, No Good, Very Bad Day","$28,000,000 ","$66,954,149 ","$101,379,287 ",11437,"[10751, 35]",218778,en,"Alexander and the Terrible, Horrible, No Good, Very Bad Day",6.783,6.2,817
Heaven is for Real,TriS,91400000,9900000,2014,46,4/16/2014,Heaven is for Real,"$12,000,000 ","$91,386,097 ","$100,916,299 ",11190,[18],236751,en,Heaven is for Real,9.718,6.2,363
Paranormal Activity: The Marked Ones,Par.,32500000,58400000,2014,70,1/3/2014,Paranormal Activity: The Marked Ones,"$5,000,000 ","$32,462,372 ","$90,904,854 ",11206,"[27, 53]",227348,en,Paranormal Activity: The Marked Ones,9.446,5.3,752
The Hundred-Foot Journey,BV,54200000,34600000,2014,13,8/8/2014,The Hundred-Foot Journey,"$22,000,000 ","$54,235,441 ","$94,270,488 ",11280,[18],228194,en,The Hundred-Foot Journey,8.26,7.3,785
John Wick,LG/S,43000000,45700000,2014,6,10/24/2014,John Wick,"$30,000,000 ","$43,037,835 ","$76,235,001 ",11019,"[28, 53]",245891,en,John Wick,78.123,7.2,10081
Snowpiercer,RTWC,4600000,82200000,2014,27,6/27/2014,Snowpiercer,"$40,000,000 ","$4,563,029 ","$88,069,880 ",11085,"[28, 878, 18]",110415,ko,Snowpiercer,14.735,6.8,4748
The Judge,WB,47100000,37300000,2014,41,10/10/2014,The Judge,"$50,000,000 ","$47,119,388 ","$76,119,388 ",11069,[18],205587,en,The Judge,16.464,7.3,2356
Muppets Most Wanted,BV,51200000,29200000,2014,20,3/21/2014,Muppets Most Wanted,"$55,000,000 ","$51,178,893 ","$79,312,301 ",11220,"[35, 12, 80, 10751]",145220,en,Muppets Most Wanted,9.118,6.2,473
If I Stay,WB (NL),50500000,28400000,2014,73,8/22/2014,If I Stay,"$11,000,000 ","$50,474,843 ","$78,356,170 ",11118,[18],249164,en,If I Stay,12.047,7.4,2703
"I, Frankenstein",LGF,19100000,52100000,2014,14,1/24/2014,"I, Frankenstein","$65,000,000 ","$19,075,290 ","$74,575,290 ",11110,"[27, 53]",100241,en,"I, Frankenstein",12.7,5.2,1090
Think Like a Man Too,SGem,65200000,5000000,2014,36,6/20/2014,Think Like a Man Too,"$24,000,000 ","$65,028,687 ","$70,027,933 ",11282,"[35, 10749]",184098,en,Think Like a Man Too,8.25,6.3,319
Brick Mansions,Rela.,20400000,48500000,2014,69,4/25/2014,Brick Mansions,"$28,000,000 ","$20,396,829 ","$73,421,224 ",11214,"[28, 80, 18]",254473,en,Brick Mansions,9.194,5.9,909
Son of God,Fox,59700000,8100000,2014,11,2/28/2014,Son of God,"$22,000,000 ","$59,700,064 ","$70,949,793 ",11275,[18],235260,en,Son of God,8.289,6.4,123
Jersey Boys,WB,47000000,20600000,2014,43,6/20/2014,Jersey Boys,"$40,000,000 ","$47,047,013 ","$65,282,732 ",11414,"[10402, 18]",209451,en,Jersey Boys,6.933,6.9,380
The Legend of Hercules,LG/S,18800000,42400000,2014,42,1/10/2014,The Legend of Hercules,"$70,000,000 ","$18,848,538 ","$58,953,319 ",11096,"[28, 12]",188207,en,The Legend of Hercules,13.754,4.5,805
Dolphin Tale 2,WB,42000000,15800000,2014,12,9/12/2014,Dolphin Tale 2,"$36,000,000 ","$42,024,533 ","$57,824,533 ",11363,"[10751, 18]",227735,en,Dolphin Tale 2,7.403,6.7,173
A Walk Among the Tombstones,Uni.,26300000,26900000,2014,67,9/19/2014,A Walk Among the Tombstones,"$28,000,000 ","$26,017,685 ","$62,108,587 ",11053,"[80, 18, 9648, 53]",169917,en,A Walk Among the Tombstones,19.373,6.3,1685
Whiplash,SPC,13100000,35900000,2014,43,10/10/2014,Whiplash,"$3,300,000 ","$13,092,006 ","$38,969,037 ",11031,"[18, 10402]",244786,en,Whiplash,28.784,8.4,7908
Earth to Echo,Rela.,38900000,6400000,2014,62,7/2/2014,Earth to Echo,"$13,000,000 ","$38,934,842 ","$42,174,545 ",11388,"[10751, 12, 878]",238603,en,Earth to Echo,7.189,5.7,377
Boyhood,IFC,25400000,19100000,2014,85,7/11/2014,Boyhood,"$4,000,000 ","$25,379,975 ","$57,273,049 ",11138,[18],85350,en,Boyhood,11.141,7.5,3097
That Awkward Moment,Focus,26100000,14400000,2014,78,1/31/2014,That Awkward Moment,"$8,000,000 ","$26,068,955 ","$53,068,955 ",11252,"[35, 10749]",225565,en,That Awkward Moment,8.649,6.1,1759
Million Dollar Arm,BV,36500000,2800000,2014,17,5/16/2014,Million Dollar Arm,"$25,000,000 ","$36,447,959 ","$39,217,912 ",11326,[18],198185,en,Million Dollar Arm,7.771,6.8,353
Nightcrawler,ORF,32400000,6300000,2014,34,10/31/2014,Nightcrawler,"$8,500,000 ","$32,381,218 ","$50,334,418 ",11039,"[80, 18, 53]",242582,en,Nightcrawler,25.597,7.7,5860
Devil's Due,Fox,15800000,21100000,2014,14,1/17/2014,Devil's Due,"$7,000,000 ","$15,821,461 ","$36,146,087 ",11553,[27],79316,en,Devil's Due,5.893,4.5,303
A Most Wanted Man,RAtt.,17200000,19000000,2014,76,7/25/2014,A Most Wanted Man,"$15,000,000 ","$17,237,855 ","$36,068,890 ",11166,[53],157849,en,A Most Wanted Man,10.267,6.5,784
The Best of Me,Rela.,26800000,9200000,2014,42,10/17/2014,The Best of Me,"$26,000,000 ","$26,766,213 ","$41,059,418 ",11256,"[18, 10749]",239571,en,The Best of Me,8.622,7.3,1512
The November Man,Rela.,25000000,7500000,2014,61,8/27/2014,The November Man,"$15,000,000 ","$25,018,119 ","$34,820,335 ",11065,"[80, 28, 53]",254904,en,The November Man,17.747,6.1,852
When the Game Stands Tall,TriS,30100000,1200000,2014,50,8/22/2014,When the Game Stands Tall,"$15,000,000 ","$30,127,963 ","$30,138,912 ",11528,[18],232679,en,When the Game Stands Tall,6.08,6.6,185
Draft Day,LG/S,28800000,620000,2014,36,4/11/2014,Draft Day,"$25,000,000 ","$28,842,237 ","$29,847,480 ",11162,[18],200505,en,Draft Day,10.581,6.6,460
Big Eyes,Wein.,14500000,14800000,2014,23,12/25/2014,Big Eyes,"$10,000,000 ","$14,482,031 ","$27,317,872 ",11119,[18],87093,en,Big Eyes,12.017,7,2153
Top Five,Par.,25300000,800000,2014,80,12/12/2014,Top Five,"$12,000,000 ","$25,317,379 ","$26,001,741 ",11494,"[18, 35]",284296,en,Top Five,6.322,6.3,281
And So It Goes,CE,15200000,10200000,2014,14,7/25/2014,And So It Goes,"$18,000,000 ","$15,160,801 ","$17,920,013 ",11284,"[35, 18, 10749]",253235,en,And So It Goes,8.235,5.9,264
A Haunted House 2,ORF,17300000,6600000,2014,89,4/18/2014,A Haunted House 2,"$4,000,000 ","$17,329,487 ","$21,206,861 ",11410,"[35, 27]",184345,en,A Haunted House 2,6.948,5.5,597
The Railway Man,Wein.,4400000,17900000,2014,33,4/11/2014,The Railway Man,"$18,000,000 ","$4,438,438 ","$23,910,210 ",11197,"[18, 36]",127560,en,The Railway Man,9.582,6.9,408
Mr. Turner,SPC,4000000,18200000,2014,18,12/19/2014,Mr. Turner,"$14,000,000 ","$3,958,546 ","$25,187,026 ",11314,"[36, 18]",245700,en,Mr. Turner,7.884,6.5,301
The Drop,FoxS,10700000,7900000,2014,16,9/12/2014,The Drop,"$12,600,000 ","$10,724,389 ","$19,054,534 ",11084,"[18, 80]",154400,en,The Drop,14.795,6.7,1215
Addicted,LGF,17400000,1200000,2014,96,10/10/2014,Addicted,"$5,000,000 ","$17,390,770 ","$17,499,242 ",11274,"[18, 53]",235271,en,Addicted,8.295,5.3,103
A Most Violent Year,A24,5700000,6300000,2014,68,12/31/2014,A Most Violent Year,"$20,000,000 ","$5,749,134 ","$8,846,875 ",11115,"[80, 18, 53]",241239,en,A Most Violent Year,12.271,6.6,792
A Most Violent Year,A24,5700000,6300000,2014,68,12/31/2014,A Most Violent Year,"$20,000,000 ","$5,749,134 ","$8,846,875 ",14270,"[80, 18, 53]",241239,en,A Most Violent Year,12.271,6.6,792
The Babadook,IFC,964000,9300000,2014,41,11/28/2014,The Babadook,"$2,000,000 ","$950,792 ","$7,482,387 ",11126,"[18, 27]",242224,en,The Babadook,11.502,6.4,3528
The Skeleton Twins,RAtt.,5300000,1200000,2014,36,9/12/2014,The Skeleton Twins,"$1,000,000 ","$5,284,309 ","$5,797,192 ",11165,[18],244772,en,The Skeleton Twins,10.341,6.7,394
Dear White People,RAtt.,4400000,1200000,2014,51,10/17/2014,Dear White People,"$1,250,000 ","$4,404,154 ","$5,403,771 ",11354,"[35, 18]",114750,en,Dear White People,7.455,6.1,296
The Lunchbox,SPC,4200000,1200000,2014,42,2/28/2014,The Lunchbox,"$1,700,000 ","$4,231,500 ","$12,231,500 ",11554,"[18, 10749]",191714,hi,The Lunchbox,5.888,7.3,350
Ida,MBox,3800000,1200000,2014,3,5/2/2014,Ida,"$2,600,000 ","$3,827,060 ","$15,298,355 ",11344,[18],209274,pl,Ida,7.568,7.3,455
Veronica Mars,WB,3300000,195000,2014,63,3/14/2014,Veronica Mars,"$6,000,000 ","$3,322,127 ","$3,485,383 ",11321,"[35, 18, 80]",177494,en,Veronica Mars,7.821,6.7,699
Obvious Child,A24,3100000,1200000,2014,41,6/6/2014,Obvious Child,"$1,000,000 ","$3,122,616 ","$3,324,070 ",11285,"[35, 10749]",248774,en,Obvious Child,8.232,6.7,256
Kill the Messenger,Focus,2500000,1200000,2014,51,10/10/2014,Kill the Messenger,"$5,000,000 ","$2,450,846 ","$6,656,705 ",11176,"[53, 80, 18, 9648]",245916,en,Kill the Messenger,10.062,6.6,507
Tusk,A24,1800000,1200000,2014,28,9/19/2014,Tusk,"$3,000,000 ","$1,821,983 ","$1,887,554 ",11251,"[35, 27, 18, 53]",246403,en,Tusk,8.655,5.3,601
Locke,A24,1400000,1200000,2014,37,4/25/2014,Locke,"$2,000,000 ","$1,370,646 ","$2,088,390 ",11219,"[18, 53]",210479,en,Locke,9.128,6.9,1370
Palo Alto,Trib.,768000,1200000,2014,58,5/9/2014,Palo Alto,"$1,000,000 ","$767,732 ","$1,156,309 ",8193,[18],192132,en,Palo Alto,7.262,6.4,528
Palo Alto,Trib.,768000,1200000,2014,58,5/9/2014,Palo Alto,"$1,000,000 ","$767,732 ","$1,156,309 ",11383,[18],192132,en,Palo Alto,7.262,6.4,528
The Face of Love,IFC,350000,1200000,2014,29,3/7/2014,The Face of Love,"$4,000,000 ","$385,069 ","$1,158,877 ",11589,"[18, 10749]",214086,en,The Face of Love,5.519,6.1,68
I Origins,FoxS,336000,1200000,2014,70,7/18/2014,I Origins,"$1,000,000 ","$336,472 ","$852,399 ",11264,"[878, 18]",244267,en,I Origins,8.459,7.6,1814
Rudderless,Gold.,58300,1200000,2014,78,10/17/2014,Rudderless,"$5,000,000 ","$56,001 ","$567,219 ",11296,"[10402, 18, 35]",244403,en,Rudderless,8.03,7.4,149
Two Night Stand,EOne,18600,1200000,2014,60,9/26/2014,Two Night Stand,"$1,600,000 ","$15,600 ","$868,081 ",11216,"[10749, 35]",286554,en,Two Night Stand,9.191,6.5,1241
13 Sins,RTWC,13800,1200000,2014,51,4/18/2014,13 Sins,"$4,000,000 ","$9,134 ","$47,552 ",11150,"[27, 53]",155084,en,13 Sins,10.899,6.3,576
Camp X-Ray,IFC,13300,1200000,2014,92,10/17/2014,Camp X-Ray,"$1,000,000 ","$9,837 ","$101,053 ",11082,[18],244506,en,Camp X-Ray,15.237,6.8,618
Wolves,KE,12100,1200000,2014,51,11/14/2014,Wolves,"$18,000,000 ",$0 ,"$94,953 ",11254,"[27, 28]",290555,en,Wolves,8.627,5.8,151
Jurassic World,Uni.,652300000,"1,019.40",2015,34,6/12/2015,Jurassic World,"$215,000,000 ","$652,270,625 ","$1,648,854,864 ",14193,"[28, 12, 878, 53]",135397,en,Jurassic World,20.709,6.6,14056
Furious 7,Uni.,353000000,"1,163.00",2015,67,4/3/2015,Furious 7,"$190,000,000 ","$353,007,020 ","$1,518,722,794 ",14196,"[28, 80, 53]",168259,en,Furious 7,20.396,7.3,6538
Avengers: Age of Ultron,BV,459000000,946400000,2015,4,5/1/2015,Avengers: Age of Ultron,"$330,600,000 ","$459,005,868 ","$1,403,013,963 ",14169,"[28, 12, 878]",99861,en,Avengers: Age of Ultron,44.383,7.3,13457
Minions,Uni.,336000000,823400000,2015,73,7/10/2015,Minions,"$74,000,000 ","$336,045,770 ","$1,160,336,173 ",14351,"[10751, 16, 12, 35]",211672,en,Minions,9.338,6.4,7343
Spectre,Sony,200100000,680600000,2015,10,11/6/2015,Spectre,"$300,000,000 ","$200,074,175 ","$879,620,923 ",14175,"[28, 12, 80]",206647,en,Spectre,30.318,6.4,6719
Spectre,Sony,200100000,680600000,2015,10,11/6/2015,Spectre,"$300,000,000 ","$200,074,175 ","$879,620,923 ",17386,"[28, 12, 80]",206647,en,Spectre,30.318,6.4,6719
Inside Out,BV,356500000,501100000,2015,98,6/19/2015,Inside Out,"$175,000,000 ","$356,461,711 ","$854,235,992 ",14184,"[18, 35, 16, 10751]",150540,en,Inside Out,24.797,8,12691
The Martian,Fox,228400000,401700000,2015,46,10/2/2015,The Martian,"$108,000,000 ","$228,433,663 ","$655,271,443 ",14188,"[18, 12, 878]",286217,en,The Martian,22.856,7.7,12172
The Martian,Fox,228400000,401700000,2015,46,10/2/2015,The Martian,"$108,000,000 ","$228,433,663 ","$655,271,443 ",17397,"[18, 12, 878]",286217,en,The Martian,22.856,7.7,12172
Fifty Shades of Grey,Uni.,166200000,404800000,2015,78,2/13/2015,Fifty Shades of Grey,"$40,000,000 ","$166,167,230 ","$570,998,101 ",14191,"[18, 10749, 53]",216015,en,Fifty Shades of Grey,21.229,5.4,6451
The Revenant,Fox,183600000,349300000,2015,27,12/25/2015,The Revenant,"$135,000,000 ","$183,637,894 ","$532,938,302 ",14203,"[37, 18, 12]",281957,en,The Revenant,19.41,7.4,11064
The Revenant,Fox,183600000,349300000,2015,27,12/25/2015,The Revenant,"$135,000,000 ","$183,637,894 ","$532,938,302 ",17411,"[37, 18, 12]",281957,en,The Revenant,19.41,7.4,11064
Ant-Man,BV,180200000,339100000,2015,43,7/17/2015,Ant-Man,"$130,000,000 ","$180,202,163 ","$518,858,449 ",14171,"[878, 28, 12]",102899,en,Ant-Man,32.715,7.1,11949
Hotel Transylvania 2,Sony,169700000,305100000,2015,42,9/25/2015,Hotel Transylvania 2,"$80,000,000 ","$169,700,110 ","$469,500,298 ",14223,"[16, 35, 10751, 14]",159824,en,Hotel Transylvania 2,16.553,6.7,3184
San Andreas,WB (NL),155200000,318800000,2015,19,5/29/2015,San Andreas,"$110,000,000 ","$155,190,832 ","$456,258,539 ",14179,"[28, 18, 53]",254128,en,San Andreas,27.414,6.1,5125
Kingsman: The Secret Service,Fox,128300000,286100000,2015,29,2/13/2015,Kingsman: The Secret Service,"$94,000,000 ","$128,261,724 ","$404,561,724 ",11037,"[80, 35, 28, 12]",207703,en,Kingsman: The Secret Service,26.103,7.6,10287
Kingsman: The Secret Service,Fox,128300000,286100000,2015,29,2/13/2015,Kingsman: The Secret Service,"$94,000,000 ","$128,261,724 ","$404,561,724 ",14181,"[80, 35, 28, 12]",207703,en,Kingsman: The Secret Service,26.103,7.6,10287
Mad Max: Fury Road,WB,153600000,224800000,2015,75,5/15/2015,Mad Max: Fury Road,"$150,000,000 ","$153,636,354 ","$370,098,020 ",14177,"[28, 12, 878]",76341,en,Mad Max: Fury Road,28.099,7.4,14454
The Good Dinosaur,BV,123100000,209100000,2015,73,11/25/2015,The Good Dinosaur,"$187,500,000 ","$123,087,120 ","$333,771,037 ",14215,"[12, 16, 10751]",105864,en,The Good Dinosaur,17.675,6.7,3135
The Good Dinosaur,BV,123100000,209100000,2015,73,11/25/2015,The Good Dinosaur,"$187,500,000 ","$123,087,120 ","$333,771,037 ",17424,"[12, 16, 10751]",105864,en,The Good Dinosaur,17.675,6.7,3135
Taken 3,Fox,89300000,237200000,2015,18,1/9/2015,Taken 3,"$48,000,000 ","$89,256,424 ","$327,656,424 ",14178,"[53, 28]",260346,en,Taken 3,27.679,6.1,3406
The SpongeBob Movie: Sponge Out of Water,Par.,163000000,162200000,2015,74,2/6/2015,The SpongeBob Movie: Sponge Out of Water,"$74,000,000 ","$162,994,032 ","$311,013,181 ",14250,"[12, 35, 10751, 14, 16]",228165,en,The SpongeBob Movie: Sponge Out of Water,13.815,5.7,1165
Maze Runner: The Scorch Trials,Fox,81700000,230600000,2015,38,9/18/2015,Maze Runner: The Scorch Trials,"$61,000,000 ","$81,697,192 ","$310,566,162 ",14218,"[28, 878, 53]",294254,en,Maze Runner: The Scorch Trials,17.31,6.6,6365
Pitch Perfect 2,Uni.,184300000,103200000,2015,14,5/15/2015,Pitch Perfect 2,"$29,000,000 ","$184,296,230 ","$287,625,468 ",14210,"[35, 10402]",254470,en,Pitch Perfect 2,18.469,6.8,3599
Paddington,W/Dim.,76300000,191800000,2015,5,1/16/2015,Paddington,"$55,000,000 ","$76,223,578 ","$258,789,097 ",14253,"[35, 12, 10751]",116149,en,Paddington,13.565,7,1904
Pixels,Sony,78700000,166100000,2015,59,7/24/2015,Pixels,"$90,000,000 ","$78,765,986 ","$244,041,804 ",14187,"[28, 35, 878]",257344,en,Pixels,23.029,5.6,4423
Alvin and the Chipmunks: The Road Chip,Fox,85900000,148900000,2015,56,12/18/2015,Alvin and the Chipmunks: The Road Chip,"$90,000,000 ","$85,886,987 ","$249,517,956 ",14235,"[12, 16, 35, 10751]",258509,en,Alvin and the Chipmunks: The Road Chip,14.973,5.8,852
Ted 2,Uni.,81500000,135200000,2015,55,6/26/2015,Ted 2,"$68,000,000 ","$81,476,385 ","$217,214,143 ",14214,[35],214756,en,Ted 2,17.684,6.1,4227
Tomorrowland,BV,93400000,115700000,2015,23,5/22/2015,Tomorrowland,"$170,000,000 ","$93,436,322 ","$206,627,518 ",14198,"[12, 10751, 9648, 878]",158852,en,Tomorrowland,20.136,6.2,4610
Straight Outta Compton,Uni.,161200000,40400000,2015,35,8/14/2015,Straight Outta Compton,"$28,000,000 ","$161,197,785 ","$202,182,981 ",14281,"[18, 10402]",277216,en,Straight Outta Compton,11.731,7.7,2048
Straight Outta Compton,Uni.,161200000,40400000,2015,35,8/14/2015,Straight Outta Compton,"$28,000,000 ","$161,197,785 ","$202,182,981 ",17516,"[18, 10402]",277216,en,Straight Outta Compton,11.731,7.7,2048
The Intern,WB,75800000,118800000,2015,6,9/25/2015,The Intern,"$40,000,000 ","$75,764,672 ","$197,115,710 ",14241,[35],257211,en,The Intern,14.377,7.1,3373
Creed,WB (NL),109800000,63800000,2015,91,11/25/2015,Creed,"$37,000,000 ","$109,767,581 ","$173,567,581 ",14225,[18],312221,en,Creed,16.356,7.3,4010
Creed,WB (NL),109800000,63800000,2015,91,11/25/2015,Creed,"$37,000,000 ","$109,767,581 ","$173,567,581 ",17439,[18],312221,en,Creed,16.356,7.3,4010
Fantastic Four,Fox,56100000,111900000,2015,98,8/7/2015,Fantastic Four,"$120,000,000 ","$56,117,548 ","$167,849,187 ",14224,"[28, 12, 878]",166424,en,Fantastic Four,16.36,4.4,3837
Bridge of Spies,BV,72300000,93200000,2015,10,10/16/2015,Bridge of Spies,"$40,000,000 ","$72,313,754 ","$162,498,338 ",14261,"[53, 18]",296098,en,Bridge of Spies,12.836,7.2,4313
Bridge of Spies,BV,72300000,93200000,2015,10,10/16/2015,Bridge of Spies,"$40,000,000 ","$72,313,754 ","$162,498,338 ",17488,"[53, 18]",296098,en,Bridge of Spies,12.836,7.2,4313
The Hateful Eight,Wein.,54100000,101600000,2015,33,12/25/2015,The Hateful Eight,"$62,000,000 ","$54,117,416 ","$147,864,886 ",14194,"[80, 18, 9648, 37]",273248,en,The Hateful Eight,20.681,7.7,8065
The Hateful Eight,Wein.,54100000,101600000,2015,33,12/25/2015,The Hateful Eight,"$62,000,000 ","$54,117,416 ","$147,864,886 ",17403,"[80, 18, 9648, 37]",273248,en,The Hateful Eight,20.681,7.7,8065
Goosebumps,Sony,80100000,70100000,2015,58,10/16/2015,Goosebumps,"$58,000,000 ","$80,069,458 ","$158,905,324 ",14206,"[12, 27, 35]",257445,en,Goosebumps,18.957,6.2,2147
Goosebumps,Sony,80100000,70100000,2015,58,10/16/2015,Goosebumps,"$58,000,000 ","$80,069,458 ","$158,905,324 ",17416,"[12, 27, 35]",257445,en,Goosebumps,18.957,6.2,2147
The Last Witch Hunter,LG/S,27400000,119600000,2015,96,10/23/2015,The Last Witch Hunter,"$80,000,000 ","$27,367,660 ","$130,818,912 ",14221,"[14, 28, 12, 878]",274854,en,The Last Witch Hunter,16.685,5.8,2193
The Last Witch Hunter,LG/S,27400000,119600000,2015,96,10/23/2015,The Last Witch Hunter,"$80,000,000 ","$27,367,660 ","$130,818,912 ",17433,"[14, 28, 12, 878]",274854,en,The Last Witch Hunter,16.685,5.8,2193
Trainwreck,Uni.,110200000,30600000,2015,36,7/17/2015,Trainwreck,"$35,000,000 ","$110,212,700 ","$141,123,897 ",14211,"[35, 10749]",271718,en,Trainwreck,18.423,5.8,1731
The Big Short,Par.,70300000,63200000,2015,42,12/11/2015,The Big Short,"$28,000,000 ","$70,259,870 ","$133,162,752 ",14244,"[35, 18]",318846,en,The Big Short,14.327,7.3,4657
Pan,WB,35100000,93300000,2015,93,10/9/2015,Pan,"$150,000,000 ","$35,088,320 ","$151,525,973 ",14259,"[12, 10751, 14]",266647,en,Pan,13.054,5.9,1701
Magic Mike XXL,WB,66000000,56500000,2015,66,7/1/2015,Magic Mike XXL,"$14,500,000 ","$66,013,057 ","$123,660,597 ",14394,"[35, 18]",264999,en,Magic Mike XXL,8.681,6.2,1110
Seventh Son,Uni.,17200000,97000000,2015,24,2/6/2015,Seventh Son,"$95,000,000 ","$17,725,785 ","$108,874,967 ",14189,"[12, 14]",68737,en,Seventh Son,22.856,5.3,1549
Get Hard,WB,90400000,21400000,2015,97,3/27/2015,Get Hard,"$40,000,000 ","$90,411,453 ","$106,511,453 ",14274,[35],257091,en,Get Hard,12.129,6,1469
Paul Blart: Mall Cop 2,Sony,71000000,36600000,2015,60,4/17/2015,Paul Blart: Mall Cop 2,"$38,000,000 ","$71,091,594 ","$107,650,646 ",14229,"[28, 35, 10751]",256961,en,Paul Blart: Mall Cop 2,15.941,5,900
Sisters,Uni.,87000000,18000000,2015,57,12/18/2015,Sisters,"$30,000,000 ","$87,044,645 ","$106,030,660 ",14294,[35],266294,en,Sisters,10.993,5.9,922
Vacation,WB (NL),58900000,46000000,2015,28,7/29/2015,Vacation,"$31,000,000 ","$58,884,188 ","$102,306,500 ",14247,[35],296099,en,Vacation,14.227,6.2,1934
Chappie,Sony,31600000,70500000,2015,11,3/6/2015,Chappie,"$49,000,000 ","$31,569,268 ","$105,002,056 ",14185,"[80, 28, 878]",198184,en,Chappie,24.52,6.7,4995
Joy,Fox,56500000,44700000,2015,88,12/25/2015,Joy,"$60,000,000 ","$56,451,232 ","$101,134,059 ",14308,"[18, 35]",274479,en,Joy,10.305,6.5,2723
Black Mass,WB,62600000,37200000,2015,59,9/18/2015,Black Mass,"$53,000,000 ","$62,575,678 ","$98,837,872 ",14239,"[18, 80]",261023,en,Black Mass,14.646,6.4,2020
The Visit,Uni.,65200000,33200000,2015,56,9/11/2015,The Visit,"$5,000,000 ","$65,206,105 ","$98,677,816 ",14311,"[27, 53, 9648]",298312,en,The Visit,10.196,6.2,2634
Spotlight,ORF,45100000,53200000,2015,34,11/6/2015,Spotlight,"$20,000,000 ","$45,055,776 ","$92,088,460 ",14226,"[18, 53, 36]",314365,en,Spotlight,16.354,7.8,4935
Spotlight,ORF,45100000,53200000,2015,34,11/6/2015,Spotlight,"$20,000,000 ","$45,055,776 ","$92,088,460 ",17440,"[18, 53, 36]",314365,en,Spotlight,16.354,7.8,4935
In the Heart of the Sea,WB,25000000,68900000,2015,1,12/11/2015,In the Heart of the Sea,"$100,000,000 ","$25,020,758 ","$89,693,309 ",14243,"[53, 18, 12, 28, 36]",205775,en,In the Heart of the Sea,14.33,6.6,2137
In the Heart of the Sea,WB,25000000,68900000,2015,1,12/11/2015,In the Heart of the Sea,"$100,000,000 ","$25,020,758 ","$89,693,309 ",17468,"[53, 18, 12, 28, 36]",205775,en,In the Heart of the Sea,14.33,6.6,2137
Southpaw,Wein.,52400000,39500000,2015,92,7/24/2015,Southpaw,"$30,000,000 ","$52,421,953 ","$94,156,456 ",14183,"[28, 18]",307081,en,Southpaw,25.305,7.4,3424
The Second Best Exotic Marigold Hotel,FoxS,33100000,52900000,2015,73,3/6/2015,The Second Best Exotic Marigold Hotel,"$10,000,000 ","$33,078,266 ","$90,384,306 ",14468,"[18, 35]",268238,en,The Second Best Exotic Marigold Hotel,7.731,6.4,420
Paper Towns,Fox,32000000,53500000,2015,68,7/24/2015,Paper Towns,"$12,000,000 ","$32,000,304 ","$85,450,484 ",14283,"[18, 9648, 10749]",286565,en,Paper Towns,11.564,6,3587
Sicario,LGF,46900000,38000000,2015,100,9/18/2015,Sicario,"$30,000,000 ","$46,889,293 ","$84,393,749 ",14195,"[28, 80, 53]",273481,en,Sicario,20.468,7.3,4475
Sicario,LGF,46900000,38000000,2015,100,9/18/2015,Sicario,"$30,000,000 ","$46,889,293 ","$84,393,749 ",17404,"[28, 80, 53]",273481,en,Sicario,20.468,7.3,4475
Hitman: Agent 47,Fox,22500000,59900000,2015,8,8/21/2015,Hitman: Agent 47,"$35,000,000 ","$22,467,450 ","$82,182,803 ",14248,"[28, 80, 53]",249070,en,Hitman: Agent 47,14.082,5.6,1764
The Wedding Ringer,SGem,64500000,15300000,2015,73,1/16/2015,The Wedding Ringer,"$23,000,000 ","$64,460,211 ","$80,171,596 ",14230,[35],252838,en,The Wedding Ringer,15.876,6.5,961
Paranormal Activity: The Ghost Dimension,Par.,18300000,60600000,2015,7,10/23/2015,Paranormal Activity: The Ghost Dimension,"$10,000,000 ","$18,297,124 ","$77,959,374 ",14429,"[27, 53]",146301,en,Paranormal Activity: The Ghost Dimension,8.157,5.2,774
Crimson Peak,Uni.,31100000,43600000,2015,33,10/16/2015,Crimson Peak,"$55,000,000 ","$31,090,320 ","$74,966,854 ",14326,"[18, 14, 27, 9648, 10749, 53]",201085,en,Crimson Peak,9.897,6.5,2986
Crimson Peak,Uni.,31100000,43600000,2015,33,10/16/2015,Crimson Peak,"$55,000,000 ","$31,090,320 ","$74,966,854 ",17582,"[18, 14, 27, 9648, 10749, 53]",201085,en,Crimson Peak,9.897,6.5,2986
The Transporter Refueled,EC,16000000,56600000,2015,34,9/4/2015,The Transporter Refueled,"$22,000,000 ","$16,029,670 ","$69,698,495 ",14255,"[53, 28, 80, 9648]",287948,en,The Transporter Refueled,13.428,5.4,836
Run All Night,WB,26500000,45200000,2015,70,3/13/2015,Run All Night,"$50,000,000 ","$26,461,644 ","$66,961,644 ",14216,"[28, 18, 53]",241554,en,Run All Night,17.592,6.4,1684
War Room,TriS,67800000,1200000,2015,66,8/28/2015,War Room,"$3,000,000 ","$67,790,117 ","$73,975,239 ",14494,"[18, 10749]",323272,en,War Room,7.419,7.5,171
The Age of Adaline,LGF,42600000,23000000,2015,8,4/24/2015,The Age of Adaline,"$30,000,000 ","$42,629,776 ","$68,984,536 ",14397,"[14, 18, 10749]",293863,en,The Age of Adaline,8.559,7.4,3853
Unfriended,Uni.,32500000,31600000,2015,14,4/17/2015,Unfriended,"$1,000,000 ","$32,789,645 ","$64,364,198 ",14432,"[27, 53]",277685,en,Unfriended,8.12,5.4,2019
The Longest Ride,Fox,37400000,25500000,2015,61,4/10/2015,The Longest Ride,"$34,000,000 ","$37,446,117 ","$63,802,928 ",14291,"[18, 10749]",228205,en,The Longest Ride,11.168,7.5,1908
Brooklyn,FoxS,38300000,23800000,2015,79,11/4/2015,Brooklyn,"$11,000,000 ","$38,322,743 ","$62,076,141 ",14276,"[18, 10749]",167073,en,Brooklyn,12.083,7.3,1912
Krampus,Uni.,42700000,18800000,2015,28,12/4/2015,Krampus,"$15,000,000 ","$42,725,475 ","$61,788,393 ",14346,"[27, 35, 14]",287903,en,Krampus,9.417,6,1046
The Perfect Guy,SGem,57000000,3200000,2015,78,9/11/2015,The Perfect Guy,"$18,000,000 ","$57,027,435 ","$60,278,166 ",14574,"[18, 53]",304372,en,The Perfect Guy,6.727,5.7,211
No Escape,Wein.,27300000,27100000,2015,74,8/26/2015,No Escape,"$5,000,000 ","$27,288,872 ","$42,844,516 ",14205,"[28, 53]",192141,en,No Escape,19.005,6.8,1296
Sinister 2,Focus,27700000,25100000,2015,91,8/21/2015,Sinister 2,"$10,000,000 ","$27,740,955 ","$54,104,225 ",14324,[27],283445,en,Sinister 2,9.916,5.8,1142
The Boy Next Door,Uni.,35400000,17000000,2015,81,1/23/2015,The Boy Next Door,"$4,000,000 ","$36,006,065 ","$53,401,938 ",14531,[53],241251,en,The Boy Next Door,7.062,4.4,1382
The Night Before,Sony,43000000,9300000,2015,6,11/20/2015,The Night Before,"$25,000,000 ","$43,035,725 ","$52,427,346 ",14372,[35],296100,en,The Night Before,9.014,6.1,956
The Night Before,Sony,43000000,9300000,2015,6,11/20/2015,The Night Before,"$25,000,000 ","$43,035,725 ","$52,427,346 ",17642,[35],296100,en,The Night Before,9.014,6.1,956
Hot Pursuit,WB (NL),34600000,17100000,2015,79,5/8/2015,Hot Pursuit,"$35,000,000 ","$34,580,201 ","$45,671,512 ",14334,"[28, 35, 80]",268920,en,Hot Pursuit,9.607,5.6,1000
Entourage,WB,32400000,16900000,2015,30,6/3/2015,Entourage,"$30,000,000 ","$32,363,404 ","$46,438,538 ",14251,[35],188222,en,Entourage,13.802,6.2,647
Mortdecai,LGF,7700000,39600000,2015,48,1/23/2015,Mortdecai,"$60,000,000 ","$7,696,134 ","$30,396,134 ",14257,"[35, 12]",210860,en,Mortdecai,13.263,5.4,1666
"McFarland, USA",BV,44500000,1200000,2015,80,2/20/2015,"McFarland, USA","$17,000,000 ","$44,480,275 ","$45,707,924 ",14426,[18],228203,en,"McFarland, USA",8.197,7.3,358
The DUFF,LGF,34000000,9500000,2015,33,2/20/2015,The DUFF,"$8,500,000 ","$34,030,343 ","$43,528,634 ",14368,"[10749, 35]",272693,en,The DUFF,9.054,6.8,2987
Legend,Uni.,1900000,41100000,2015,10,11/20/2015,Legend,"$25,000,000 ","$1,872,994 ","$42,425,450 ",14312,"[80, 53]",276907,en,Legend,10.195,6.8,1692
Legend,Uni.,1900000,41100000,2015,10,11/20/2015,Legend,"$25,000,000 ","$1,872,994 ","$42,425,450 ",17559,"[80, 53]",276907,en,Legend,10.195,6.8,1692
The Gallows,WB (NL),22800000,20200000,2015,80,7/10/2015,The Gallows,"$100,000 ","$22,764,410 ","$41,656,474 ",14362,"[27, 53]",299245,en,The Gallows,9.166,4.8,591
Love the Coopers,LGF,26300000,16100000,2015,98,11/13/2015,Love the Coopers,"$18,000,000 ","$26,302,731 ","$42,227,490 ",14417,"[35, 10751, 18]",333348,en,Love the Coopers,8.261,5.8,384
Ricki and the Flash,TriS,26800000,14500000,2015,95,8/7/2015,Ricki and the Flash,"$18,000,000 ","$26,839,498 ","$41,166,033 ",14418,"[35, 18, 10402]",275601,en,Ricki and the Flash,8.247,5.8,473
Carol,Wein.,12700000,27600000,2015,60,11/20/2015,Carol,"$11,800,000 ","$12,711,491 ","$42,843,521 ",14258,"[10749, 18]",258480,en,Carol,13.096,7.4,1949
Carol,Wein.,12700000,27600000,2015,60,11/20/2015,Carol,"$11,800,000 ","$12,711,491 ","$42,843,521 ",17482,"[10749, 18]",258480,en,Carol,13.096,7.4,1949
The Lazarus Effect,Rela.,25800000,12600000,2015,76,2/27/2015,The Lazarus Effect,"$5,000,000 ","$25,801,570 ","$38,359,310 ",14314,"[53, 27]",243940,en,The Lazarus Effect,10.157,5.1,825
The Water Diviner,WB,4200000,34000000,2015,4,4/24/2015,The Water Diviner,"$22,500,000 ","$4,200,117 ","$31,054,727 ",14285,"[10752, 18]",256917,en,The Water Diviner,11.479,6.8,682
A Walk in the Woods,BG,29500000,8000000,2015,75,9/2/2015,A Walk in the Woods,"$8,000,000 ","$29,499,394 ","$37,119,358 ",14543,"[12, 35, 18]",232572,en,A Walk in the Woods,6.935,5.9,402
Ex Machina,A24,25400000,11400000,2015,72,4/10/2015,Ex Machina,"$13,000,000 ","$25,440,971 ","$38,358,392 ",14208,"[18, 878]",264660,en,Ex Machina,18.485,7.6,8026
Room,A24,14700000,20700000,2015,80,10/16/2015,Room,"$13,000,000 ","$14,677,674 ","$36,262,783 ",14199,"[18, 53]",264644,en,Room,20,8.1,5494
Room,A24,14700000,20700000,2015,80,10/16/2015,Room,"$13,000,000 ","$14,677,674 ","$36,262,783 ",17407,"[18, 53]",264644,en,Room,20,8.1,5494
Steve Jobs,Uni.,17800000,16700000,2015,60,10/9/2015,Steve Jobs,"$30,000,000 ","$17,766,658 ","$35,579,007 ",14382,"[18, 36]",321697,en,Steve Jobs,8.895,6.8,2572
Steve Jobs,Uni.,17800000,16700000,2015,60,10/9/2015,Steve Jobs,"$30,000,000 ","$17,766,658 ","$35,579,007 ",17647,"[18, 36]",321697,en,Steve Jobs,8.895,6.8,2572
Project Almanac,Par.,22300000,10900000,2015,84,1/30/2015,Project Almanac,"$12,000,000 ","$22,348,241 ","$32,909,437 ",14338,"[878, 53]",227719,en,Project Almanac,9.55,6.5,1449
American Ultra,LGF,14400000,12700000,2015,72,8/21/2015,American Ultra,"$28,000,000 ","$14,439,985 ","$30,295,028 ",14321,"[35, 28]",261392,en,American Ultra,9.97,6,1756
Aloha,Sony,21100000,5200000,2015,3,5/29/2015,Aloha,"$37,000,000 ","$21,052,030 ","$25,387,091 ",14331,"[18, 35, 10749]",222936,en,Aloha,9.685,5.3,1226
The Gunman,ORF,10700000,13500000,2015,15,3/20/2015,The Gunman,"$40,000,000 ","$10,664,749 ","$18,594,227 ",14306,"[28, 18, 80]",266396,en,The Gunman,10.388,5.7,583
Black or White,Rela.,21600000,1200000,2015,80,1/30/2015,Black or White,"$9,000,000 ","$21,571,189 ","$21,971,021 ",11294,[18],253331,en,Black or White,8.05,6.8,193
Black or White,Rela.,21600000,1200000,2015,80,1/30/2015,Black or White,"$9,000,000 ","$21,571,189 ","$21,971,021 ",14436,[18],253331,en,Black or White,8.05,6.8,193
Blackhat,Uni.,8000000,11600000,2015,47,1/16/2015,Blackhat,"$70,000,000 ","$8,005,980 ","$19,665,004 ",14220,"[80, 53, 28]",201088,en,Blackhat,16.824,5.3,1165
Dope,ORF,17500000,480000,2015,11,6/19/2015,Dope,"$7,000,000 ","$17,506,470 ","$18,190,831 ",14358,"[80, 18, 35]",308639,en,Dope,9.246,7.2,954
Scouts Guide to the Zombie Apocalypse,Par.,3700000,12400000,2015,25,10/30/2015,Scouts Guide to the Zombie Apocalypse,"$15,000,000 ","$3,703,046 ","$15,554,855 ",14304,"[35, 27]",273477,en,Scouts Guide to the Zombie Apocalypse,10.451,6.2,915
Suffragette,Focus,4700000,11300000,2015,16,10/23/2015,Suffragette,"$14,000,000 ","$4,702,420 ","$34,044,909 ",14463,"[18, 36]",245168,en,Suffragette,7.763,7.3,982
Unfinished Business,Fox,10200000,4200000,2015,32,3/6/2015,Unfinished Business,"$35,000,000 ","$10,219,501 ","$13,214,051 ",14401,[35],239573,en,Unfinished Business,8.516,5.2,472
Do You Believe?,PFR,13000000,1400000,2015,60,3/20/2015,Do You Believe?,"$2,300,000 ","$12,985,600 ","$14,304,931 ",14726,"[14, 18]",309425,en,Do You Believe?,5.599,7,72
Woodlawn,PFR,14400000,1200000,2015,81,10/16/2015,Woodlawn,"$13,000,000 ","$14,394,097 ","$14,403,703 ",14730,[18],333596,en,Woodlawn,5.575,7,79
Woodlawn,PFR,14400000,1200000,2015,81,10/16/2015,Woodlawn,"$13,000,000 ","$14,394,097 ","$14,403,703 ",17998,[18],333596,en,Woodlawn,5.575,7,79
Hot Tub Time Machine 2,Par.,12300000,767000,2015,7,2/20/2015,Hot Tub Time Machine 2,"$14,000,000 ","$12,314,651 ","$12,826,644 ",14435,[35],243938,en,Hot Tub Time Machine 2,8.053,5.1,512
Child 44,LG/S,1200000,11700000,2015,2,4/17/2015,Child 44,"$50,000,000 ","$1,224,330 ","$8,004,221 ",14180,"[80, 53]",181283,en,Child 44,26.386,6.2,903
We Are Your Friends,WB,3600000,7500000,2015,20,8/28/2015,We Are Your Friends,"$2,000,000 ","$3,591,417 ","$10,153,415 ",14298,"[18, 10402, 10749, 35]",301351,en,We Are Your Friends,10.809,6.3,1241
Danny Collins,BST,5600000,5200000,2015,59,3/20/2015,Danny Collins,"$10,000,000 ","$5,637,066 ","$8,465,845 ",14379,"[35, 18, 10402]",256924,en,Danny Collins,8.933,6.7,260
Me and Earl and the Dying Girl,FoxS,6800000,2300000,2015,100,6/12/2015,Me and Earl and the Dying Girl,"$8,000,000 ","$6,758,416 ","$9,266,180 ",14395,"[35, 18]",308369,en,Me and Earl and the Dying Girl,8.677,7.6,1570
Bajrangi Bhaijaan,Eros,8199999,1200000,2015,86,7/17/2015,Bajrangi Bhaijaan,"$13,000,000 ","$8,178,001 ","$121,778,347 ",14526,"[28, 35, 18]",348892,hi,बजरंगी भाईजान,7.122,7.9,232
Anomalisa,Par.,3800000,1900000,2015,6,12/30/2015,Anomalisa,"$8,000,000 ","$3,759,286 ","$5,706,168 ",14309,"[16, 35, 18, 10749]",291270,en,Anomalisa,10.285,7.1,927
Anomalisa,Par.,3800000,1900000,2015,6,12/30/2015,Anomalisa,"$8,000,000 ","$3,759,286 ","$5,706,168 ",17556,"[16, 35, 18, 10749]",291270,en,Anomalisa,10.285,7.1,927
Trash,FCW,17500,4800000,2015,46,10/9/2015,Trash,"$12,000,000 ","$17,484 ","$6,553,186 ",14520,"[12, 80, 18, 53]",206563,pt,Trash,7.179,7.1,353
By the Sea,Uni.,538000,2800000,2015,97,11/13/2015,By the Sea,"$20,000,000 ","$538,460 ","$3,727,746 ",14612,"[18, 10749]",314385,en,By the Sea,6.471,5.4,306
Youth,FoxS,2700000,1200000,2015,99,12/4/2015,Youth,"$13,000,000 ","$2,703,296 ","$24,001,573 ",14355,"[35, 18]",310593,it,Youth,9.265,6.9,1098
Jem and the Holograms,Uni.,2200000,149000,2015,53,10/23/2015,Jem and the Holograms,"$5,000,000 ","$2,184,640 ","$2,368,937 ",14446,"[18, 14, 10402]",266639,en,Jem and the Holograms,7.942,5.4,241
Jem and the Holograms,Uni.,2200000,149000,2015,53,10/23/2015,Jem and the Holograms,"$5,000,000 ","$2,184,640 ","$2,368,937 ",17722,"[18, 14, 10402]",266639,en,Jem and the Holograms,7.942,5.4,241
The Vatican Tapes,LGF,1800000,1200000,2015,3,7/24/2015,The Vatican Tapes,"$13,000,000 ","$1,784,763 ","$14,929,184 ",14454,"[53, 27]",157544,en,The Vatican Tapes,7.841,4.6,365
Mustang,Cohen,845000,1200000,2015,21,11/20/2015,Mustang,"$1,400,000 ","$845,464 ","$5,552,584 ",14490,[18],336804,tr,Mustang,7.459,8,755
The D Train,IFC,673000,102000,2015,34,5/8/2015,The D Train,"$3,000,000 ","$669,688 ","$772,366 ",14614,"[18, 35]",308638,en,The D Train,6.465,4.6,125
Freeheld,LGF,573000,1200000,2015,51,10/2/2015,Freeheld,"$7,000,000 ","$546,201 ","$1,732,228 ",14506,"[10749, 18]",306745,en,Freeheld,7.313,7.3,360
Maggie,RAtt.,187000,1200000,2015,47,5/8/2015,Maggie,"$4,500,000 ","$187,112 ","$1,027,760 ",14260,"[27, 18, 9648]",287424,en,Maggie,13,5.3,958
Manglehorn,IFC,143000,1200000,2015,41,6/19/2015,Manglehorn,"$4,000,000 ","$132,270 ","$797,439 ",14473,[18],254905,en,Manglehorn,7.661,5.4,94
Knock Knock,LGP,36300,1200000,2015,62,10/9/2015,Knock Knock,"$2,000,000 ","$36,336 ","$6,328,516 ",14213,"[18, 53]",263472,en,Knock Knock,17.867,5,1490
Song One,TFA,32299,1200000,2015,87,1/23/2015,Song One,"$6,000,000 ","$32,251 ","$437,089 ",11515,[18],244783,en,Song One,6.206,5.6,126
Song One,TFA,32299,1200000,2015,87,1/23/2015,Song One,"$6,000,000 ","$32,251 ","$437,089 ",14643,[18],244783,en,Song One,6.206,5.6,126
Strangerland,Alc,17500,1200000,2015,27,7/10/2015,Strangerland,"$10,000,000 ","$17,472 ","$161,097 ",14683,"[18, 53, 9648]",245846,en,Strangerland,5.91,5.2,135
Captain America: Civil War,BV,408100000,745200000,2016,17,5/6/2016,Captain America: Civil War,"$250,000,000 ","$408,084,349 ","$1,140,069,413 ",17382,"[12, 28, 878]",271110,en,Captain America: Civil War,39.137,7.4,14000
Rogue One: A Star Wars Story,BV,532200000,523900000,2016,45,12/16/2016,Rogue One: A Star Wars Story,"$200,000,000 ","$532,177,324 ","$1,049,102,856 ",17401,"[28, 12, 878]",330459,en,Rogue One: A Star Wars Story,21.401,7.5,9296
Rogue One: A Star Wars Story,BV,532200000,523900000,2016,45,12/16/2016,Rogue One: A Star Wars Story,"$200,000,000 ","$532,177,324 ","$1,049,102,856 ",20655,"[28, 12, 878]",330459,en,Rogue One: A Star Wars Story,21.401,7.5,9296
Finding Dory,BV,486300000,542300000,2016,46,6/17/2016,Finding Dory,"$200,000,000 ","$486,295,561 ","$1,021,215,193 ",17454,"[12, 16, 35, 10751]",127380,en,Finding Dory,15.393,7,7845
Zootopia,BV,341300000,682500000,2016,57,3/4/2016,Zootopia,"$150,000,000 ","$341,268,248 ","$1,019,429,616 ",17391,"[16, 12, 10751, 35]",269149,en,Zootopia,27.549,7.7,9977
The Secret Life of Pets,Uni.,368400000,507100000,2016,26,7/8/2016,The Secret Life of Pets,"$75,000,000 ","$368,384,330 ","$886,750,534 ",17581,"[12, 35, 16, 10751]",328111,en,The Secret Life of Pets,9.909,6.1,5374
Batman v Superman: Dawn of Justice,WB,330400000,543300000,2016,18,3/25/2016,Batman v Superman: Dawn of Justice,"$250,000,000 ","$330,360,194 ","$867,500,281 ",17390,"[28, 12, 14]",209112,en,Batman v Superman: Dawn of Justice,28.088,5.8,11991
Deadpool,Fox,363100000,420000000,2016,56,2/12/2016,Deadpool,"$58,000,000 ","$363,070,709 ","$801,025,593 ",17383,"[28, 12, 35]",293660,en,Deadpool,35.067,7.6,20175
Suicide Squad,WB,325100000,421700000,2016,100,8/5/2016,Suicide Squad,"$175,000,000 ","$325,100,054 ","$746,059,887 ",17437,"[28, 12, 80, 14, 878]",297761,en,Suicide Squad,16.53,5.9,13533
Doctor Strange,BV,232600000,445100000,2016,28,11/4/2016,Doctor Strange,"$165,000,000 ","$232,641,920 ","$676,404,566 ",17384,"[28, 12, 14, 878]",284052,en,Doctor Strange,33.035,7.3,12582
Doctor Strange,BV,232600000,445100000,2016,28,11/4/2016,Doctor Strange,"$165,000,000 ","$232,641,920 ","$676,404,566 ",20625,"[28, 12, 14, 878]",284052,en,Doctor Strange,33.035,7.3,12582
Moana,BV,248800000,394600000,2016,62,11/23/2016,Moana,"$150,000,000 ","$248,757,044 ","$637,517,365 ",18108,"[12, 35, 10751, 16]",277834,en,Moana,4.419,7.5,6907
Moana,BV,248800000,394600000,2016,62,11/23/2016,Moana,"$150,000,000 ","$248,757,044 ","$637,517,365 ",21391,"[12, 35, 10751, 16]",277834,en,Moana,4.419,7.5,6907
Sing,Uni.,270400000,363800000,2016,29,12/21/2016,Sing,"$75,000,000 ","$270,329,045 ","$634,454,789 ",17427,"[16, 35, 18, 10751]",335797,en,Sing,17.572,6.9,4303
Sing,Uni.,270400000,363800000,2016,29,12/21/2016,Sing,"$75,000,000 ","$270,329,045 ","$634,454,789 ",20674,"[16, 35, 18, 10751]",335797,en,Sing,17.572,6.9,4303
X-Men: Apocalypse,Fox,155400000,388500000,2016,93,5/27/2016,X-Men: Apocalypse,"$178,000,000 ","$155,442,489 ","$542,537,546 ",17381,"[28, 12, 878, 14]",246655,en,X-Men: Apocalypse,39.293,6.5,8348
Kung Fu Panda 3,Fox,143500000,377600000,2016,11,1/29/2016,Kung Fu Panda 3,"$140,000,000 ","$143,528,619 ","$517,599,142 ",17444,"[28, 12, 16, 35, 10751]",140300,en,Kung Fu Panda 3,16.248,6.7,2944
La La Land,LG/S,151100000,295000000,2016,92,12/9/2016,La La Land,"$20,000,000 ","$151,101,803 ","$426,351,163 ",17443,"[35, 18, 10749]",313369,en,La La Land,16.275,7.9,10028
La La Land,LG/S,151100000,295000000,2016,92,12/9/2016,La La Land,"$20,000,000 ","$151,101,803 ","$426,351,163 ",20688,"[35, 18, 10749]",313369,en,La La Land,16.275,7.9,10028
Warcraft,Uni.,47400000,386300000,2016,46,6/10/2016,Warcraft,"$160,000,000 ","$47,225,655 ","$425,522,281 ",17400,"[28, 12, 14]",68735,en,Warcraft,21.464,6.3,4071
Jason Bourne,Uni.,162400000,253100000,2016,86,7/29/2016,Jason Bourne,"$120,000,000 ","$162,192,920 ","$416,168,316 ",17463,"[28, 53]",324668,en,Jason Bourne,14.568,6.1,3611
Ice Age: Collision Course,Fox,64099999,344500000,2016,52,7/22/2016,Ice Age: Collision Course,"$105,000,000 ","$64,063,008 ","$402,156,682 ",17419,"[12, 16, 10751, 35]",278154,en,Ice Age: Collision Course,18.233,5.9,2430
Independence Day: Resurgence,Fox,103100000,286500000,2016,33,6/24/2016,Independence Day: Resurgence,"$165,000,000 ","$103,144,286 ","$384,169,424 ",17451,"[28, 12, 878]",47933,en,Independence Day: Resurgence,15.732,5.1,3911
The Legend of Tarzan,WB,126600000,230100000,2016,88,7/1/2016,The Legend of Tarzan,"$180,000,000 ","$126,643,061 ","$348,902,025 ",17460,"[28, 12]",258489,en,The Legend of Tarzan,14.797,5.8,4102
The Angry Birds Movie,Sony,107500000,244800000,2016,77,5/20/2016,The Angry Birds Movie,"$73,000,000 ","$107,509,366 ","$352,327,887 ",17421,"[16, 12, 35]",153518,en,The Angry Birds Movie,17.998,6,1851
Trolls,Fox,153700000,193200000,2016,73,11/4/2016,Trolls,"$125,000,000 ","$153,707,064 ","$344,150,134 ",17442,"[12, 10751, 35, 14, 10402, 16]",136799,en,Trolls,16.286,6.6,1880
Trolls,Fox,153700000,193200000,2016,73,11/4/2016,Trolls,"$125,000,000 ","$153,707,064 ","$344,150,134 ",20687,"[12, 10751, 35, 14, 10402, 16]",136799,en,Trolls,16.286,6.6,1880
Star Trek Beyond,Par.,158800000,184600000,2016,79,7/22/2016,Star Trek Beyond,"$185,000,000 ","$158,848,340 ","$335,802,233 ",17412,"[28, 12, 878]",188927,en,Star Trek Beyond,19.142,6.7,4275
Now You See Me 2,LG/S,65099999,269800000,2016,66,6/10/2016,Now You See Me 2,"$90,000,000 ","$65,075,540 ","$328,325,007 ",17392,"[28, 35, 53]",291805,en,Now You See Me 2,25.805,6.8,6744
Dangal,UTV,12400000,290500000,2016,56,12/21/2016,Dangal,"$9,500,000 ","$12,391,761 ","$294,654,618 ",17574,"[18, 28]",360814,hi,दंगल,10.022,8.1,358
Alice Through the Looking Glass,BV,77000000,222400000,2016,26,5/27/2016,Alice Through the Looking Glass,"$170,000,000 ","$77,042,381 ","$276,928,112 ",17435,"[12, 10751, 14]",241259,en,Alice Through the Looking Glass,16.642,6.5,3803
Teenage Mutant Ninja Turtles: Out of the Shadows,Par.,82100000,163600000,2016,32,6/3/2016,Teenage Mutant Ninja Turtles: Out of the Shadows,"$135,000,000 ","$82,051,601 ","$245,328,374 ",17457,"[28, 12, 35, 10751, 878]",308531,en,Teenage Mutant Ninja Turtles: Out of the Shadows,15.096,5.9,1860
Sully,WB,125100000,115700000,2016,50,9/9/2016,Sully,"$60,000,000 ","$125,070,033 ","$238,524,556 ",17420,"[18, 36]",363676,en,Sully,18.148,7.1,3924
Inferno,Sony,34300000,185700000,2016,64,10/28/2016,Inferno,"$75,000,000 ","$34,343,574 ","$219,519,367 ",17428,"[9648, 53, 18]",207932,en,Inferno,17.41,5.9,3877
Inferno,Sony,34300000,185700000,2016,64,10/28/2016,Inferno,"$75,000,000 ","$34,343,574 ","$219,519,367 ",20675,"[9648, 53, 18]",207932,en,Inferno,17.41,5.9,3877
Central Intelligence,WB (NL),127400000,89500000,2016,91,6/17/2016,Central Intelligence,"$50,000,000 ","$127,440,871 ","$217,194,805 ",17465,"[28, 35, 9648]",302699,en,Central Intelligence,14.478,6.3,3133
Me Before You,WB (NL),56200000,152100000,2016,20,6/3/2016,Me Before You,"$20,000,000 ","$56,245,075 ","$208,265,198 ",17431,"[18, 10749]",296096,en,Me Before You,16.917,7.7,5939
London Has Fallen,Focus,62500000,143200000,2016,80,3/4/2016,London Has Fallen,"$60,000,000 ","$62,524,260 ","$195,194,085 ",17455,"[28, 53]",267860,en,London Has Fallen,15.287,5.9,2591
Arrival,Par.,100500000,102800000,2016,34,11/11/2016,Arrival,"$47,000,000 ","$100,546,139 ","$203,127,894 ",17394,"[18, 878, 9648]",329865,en,Arrival,25.442,7.4,10387
Arrival,Par.,100500000,102800000,2016,34,11/11/2016,Arrival,"$47,000,000 ","$100,546,139 ","$203,127,894 ",20636,"[18, 878, 9648]",329865,en,Arrival,25.442,7.4,10387
Bad Moms,STX,113300000,70700000,2016,99,7/29/2016,Bad Moms,"$20,000,000 ","$113,257,297 ","$180,998,716 ",17467,[35],376659,en,Bad Moms,14.332,6.5,2600
Storks,WB,72700000,110700000,2016,15,9/23/2016,Storks,"$70,000,000 ","$72,679,278 ","$183,353,431 ",17503,"[12, 16, 35, 10751]",332210,en,Storks,12.101,6.5,1308
The BFG,BV,55500000,127900000,2016,17,7/1/2016,The BFG,"$140,000,000 ","$55,483,770 ","$199,646,680 ",17406,"[12, 10751, 14]",267935,en,The BFG,20.08,6.2,1916
Hacksaw Ridge,LGF,67200000,108100000,2016,17,11/4/2016,Hacksaw Ridge,"$40,000,000 ","$67,209,615 ","$168,904,682 ",17396,"[18, 36, 10752]",324786,en,Hacksaw Ridge,24.074,8.1,6608
Hacksaw Ridge,LGF,67200000,108100000,2016,17,11/4/2016,Hacksaw Ridge,"$40,000,000 ","$67,209,615 ","$168,904,682 ",20643,"[18, 36, 10752]",324786,en,Hacksaw Ridge,24.074,8.1,6608
Jack Reacher: Never Go Back,Par.,58700000,103400000,2016,85,10/21/2016,Jack Reacher: Never Go Back,"$60,000,000 ","$58,697,076 ","$159,946,489 ",17430,"[28, 53]",343611,en,Jack Reacher: Never Go Back,17.085,5.6,2831
Jack Reacher: Never Go Back,Par.,58700000,103400000,2016,85,10/21/2016,Jack Reacher: Never Go Back,"$60,000,000 ","$58,697,076 ","$159,946,489 ",20678,"[28, 53]",343611,en,Jack Reacher: Never Go Back,17.085,5.6,2831
The Accountant,WB,86300000,68900000,2016,100,10/14/2016,The Accountant,"$40,000,000 ","$86,260,045 ","$152,962,083 ",17473,"[80, 53, 18]",302946,en,The Accountant,13.81,6.9,3407
The Accountant,WB,86300000,68900000,2016,100,10/14/2016,The Accountant,"$40,000,000 ","$86,260,045 ","$152,962,083 ",20731,"[80, 53, 18]",302946,en,The Accountant,13.81,6.9,3407
Gods of Egypt,LG/S,31200000,119500000,2016,18,2/26/2016,Gods of Egypt,"$140,000,000 ","$31,153,464 ","$138,836,756 ",17417,"[28, 12, 14, 878]",205584,en,Gods of Egypt,18.517,5.4,2353
Lights Out,WB (NL),67300000,81600000,2016,55,7/22/2016,Lights Out,"$5,000,000 ","$67,268,835 ","$148,806,510 ",17495,"[53, 9648, 27]",345911,en,Lights Out,12.408,6.3,2220
Sausage Party,Sony,97700000,43000000,2016,28,8/12/2016,Sausage Party,"$19,000,000 ","$97,670,358 ","$141,344,255 ",17456,"[12, 16, 35, 14]",223702,en,Sausage Party,15.232,5.6,4237
Lion,Wein.,51700000,88600000,2016,60,11/25/2016,Lion,"$12,000,000 ","$51,739,495 ","$149,570,720 ",17429,[18],334543,en,Lion,17.216,8.1,3833
Lion,Wein.,51700000,88600000,2016,60,11/25/2016,Lion,"$12,000,000 ","$51,739,495 ","$149,570,720 ",20677,[18],334543,en,Lion,17.216,8.1,3833
Mechanic: Resurrection,LG/S,21200000,104500000,2016,94,8/26/2016,Mechanic: Resurrection,"$40,000,000 ","$21,218,403 ","$109,738,840 ",17441,"[28, 80, 53]",278924,en,Mechanic: Resurrection,16.302,5.6,1929
Ride Along 2,Uni.,91200000,33400000,2016,95,1/15/2016,Ride Along 2,"$40,000,000 ","$90,862,685 ","$124,827,316 ",17484,"[28, 35]",323675,en,Ride Along 2,12.977,6.2,939
Deepwater Horizon,LG/S,61400000,60400000,2016,47,9/30/2016,Deepwater Horizon,"$156,000,000 ","$61,433,527 ","$122,603,824 ",17476,"[18, 28]",296524,en,Deepwater Horizon,13.685,6.7,2606
Deepwater Horizon,LG/S,61400000,60400000,2016,47,9/30/2016,Deepwater Horizon,"$156,000,000 ","$61,433,527 ","$122,603,824 ",20734,"[18, 28]",296524,en,Deepwater Horizon,13.685,6.7,2606
Allied,Par.,40100000,79400000,2016,47,11/23/2016,Allied,"$106,000,000 ","$40,098,064 ","$119,266,661 ",17409,"[28, 18, 10752, 10749, 53]",369885,en,Allied,19.611,6.7,2765
Allied,Par.,40100000,79400000,2016,47,11/23/2016,Allied,"$106,000,000 ","$40,098,064 ","$119,266,661 ",20663,"[28, 18, 10752, 10749, 53]",369885,en,Allied,19.611,6.7,2765
The Shallows,Sony,55100000,64000000,2016,54,6/24/2016,The Shallows,"$13,000,000 ","$55,121,623 ","$118,763,442 ",17469,"[27, 18, 53]",332567,en,The Shallows,14.091,6.3,3037
The Purge: Election Year,Uni.,79200000,39400000,2016,42,7/1/2016,The Purge: Election Year,"$10,000,000 ","$79,042,440 ","$118,514,727 ",17415,"[28, 27, 53]",316727,en,The Purge: Election Year,18.975,6.3,2900
Why Him?,Fox,60300000,57800000,2016,62,12/23/2016,Why Him?,"$38,000,000 ","$60,323,786 ","$117,425,156 ",17458,[35],356305,en,Why Him?,15.044,6.2,2494
Why Him?,Fox,60300000,57800000,2016,62,12/23/2016,Why Him?,"$38,000,000 ","$60,323,786 ","$117,425,156 ",20708,[35],356305,en,Why Him?,15.044,6.2,2494
Office Christmas Party,Par.,54800000,59700000,2016,81,12/9/2016,Office Christmas Party,"$45,000,000 ","$54,767,494 ","$91,323,299 ",17541,[35],384682,en,Office Christmas Party,10.729,5.6,1191
10 Cloverfield Lane,Par.,72100000,38100000,2016,54,3/11/2016,10 Cloverfield Lane,"$5,000,000 ","$72,082,999 ","$108,286,422 ",17422,"[53, 878, 18]",333371,en,10 Cloverfield Lane,17.892,6.9,4629
Neighbors 2: Sorority Rising,Uni.,55500000,52600000,2016,56,5/20/2016,Neighbors 2: Sorority Rising,"$35,000,000 ","$55,340,730 ","$108,757,621 ",17425,[35],325133,en,Neighbors 2: Sorority Rising,17.662,5.7,2829
Dirty Grandpa,LGF,35600000,58500000,2016,62,1/22/2016,Dirty Grandpa,"$11,500,000 ","$35,593,113 ","$105,078,449 ",17528,[35],291870,en,Dirty Grandpa,11.432,5.8,2667
Money Monster,TriS,41000000,52300000,2016,98,5/13/2016,Money Monster,"$27,000,000 ","$41,012,075 ","$93,466,095 ",17534,"[53, 18]",303858,en,Money Monster,11.134,6.4,1859
My Big Fat Greek Wedding 2,Uni.,59700000,29200000,2016,77,3/25/2016,My Big Fat Greek Wedding 2,"$18,000,000 ","$59,689,605 ","$92,096,558 ",17856,"[10749, 35, 10751]",302688,en,My Big Fat Greek Wedding 2,6.714,5.8,593
Collateral Beauty,WB (NL),31000000,57500000,2016,13,12/16/2016,Collateral Beauty,"$36,000,000 ","$31,016,021 ","$85,309,093 ",17486,"[18, 10749]",345920,en,Collateral Beauty,12.857,7.2,3270
Collateral Beauty,WB (NL),31000000,57500000,2016,13,12/16/2016,Collateral Beauty,"$36,000,000 ","$31,016,021 ","$85,309,093 ",20746,"[18, 10749]",345920,en,Collateral Beauty,12.857,7.2,3270
War Dogs,WB,43000000,43200000,2016,45,8/19/2016,War Dogs,"$50,000,000 ","$43,034,523 ","$86,234,503 ",17543,"[35, 80, 18]",308266,en,War Dogs,10.654,6.8,2387
Nerve,LGF,38600000,46700000,2016,43,7/27/2016,Nerve,"$20,000,000 ","$38,583,626 ","$70,652,284 ",17464,"[9648, 12, 80]",328387,en,Nerve,14.508,7.1,4590
Ouija: Origin of Evil,Uni.,35100000,46600000,2016,75,10/21/2016,Ouija: Origin of Evil,"$9,000,000 ","$35,144,505 ","$81,831,866 ",17511,"[27, 53]",335796,en,Ouija: Origin of Evil,11.823,6,1416
Ouija: Origin of Evil,Uni.,35100000,46600000,2016,75,10/21/2016,Ouija: Origin of Evil,"$9,000,000 ","$35,144,505 ","$81,831,866 ",20777,"[27, 53]",335796,en,Ouija: Origin of Evil,11.823,6,1416
Manchester by the Sea,RAtt.,47700000,31300000,2016,30,11/18/2016,Manchester by the Sea,"$8,500,000 ","$47,695,371 ","$77,733,867 ",17436,[18],334541,en,Manchester by the Sea,16.638,7.5,3176
Manchester by the Sea,RAtt.,47700000,31300000,2016,30,11/18/2016,Manchester by the Sea,"$8,500,000 ","$47,695,371 ","$77,733,867 ",20683,[18],334541,en,Manchester by the Sea,16.638,7.5,3176
The Boss,Uni.,63300000,15600000,2016,17,4/8/2016,The Boss,"$29,000,000 ","$63,077,560 ","$78,652,207 ",17525,[35],323676,en,The Boss,11.442,5.8,822
Mike and Dave Need Wedding Dates,Fox,46000000,31100000,2016,73,7/8/2016,Mike and Dave Need Wedding Dates,"$33,000,000 ","$46,009,673 ","$75,898,100 ",17518,[35],316023,en,Mike and Dave Need Wedding Dates,11.676,6,1552
Kubo and the Two Strings,Focus,48000000,21900000,2016,22,8/19/2016,Kubo and the Two Strings,"$55,000,000 ","$48,023,088 ","$77,548,122 ",17472,"[16, 12, 10751]",313297,en,Kubo and the Two Strings,13.847,7.7,2029
13 Hours: The Secret Soldiers of Benghazi,Par.,52900000,16600000,2016,30,1/15/2016,13 Hours: The Secret Soldiers of Benghazi,"$50,000,000 ","$52,853,219 ","$69,411,370 ",17399,"[28, 18, 36, 53, 10752]",300671,en,13 Hours: The Secret Soldiers of Benghazi,21.486,7,1573
Fences,Par.,57700000,6700000,2016,37,12/16/2016,Fences,"$24,000,000 ","$57,682,904 ","$64,282,881 ",17490,[18],393457,en,Fences,12.753,6.8,1465
Fences,Par.,57700000,6700000,2016,37,12/16/2016,Fences,"$24,000,000 ","$57,682,904 ","$64,282,881 ",20747,[18],393457,en,Fences,12.753,6.8,1465
"Hail, Caesar!",Uni.,30500000,33100000,2016,22,2/5/2016,"Hail, Caesar!","$22,000,000 ","$30,080,225 ","$64,160,680 ",17497,"[35, 18, 9648]",270487,en,"Hail, Caesar!",12.312,5.9,2328
The Nice Guys,WB,36300000,26500000,2016,56,5/20/2016,The Nice Guys,"$50,000,000 ","$36,261,763 ","$59,596,747 ",17474,"[35, 80, 9648]",290250,en,The Nice Guys,13.743,7.1,4272
Zoolander 2,Par.,28800000,27900000,2016,64,2/12/2016,Zoolander 2,"$50,000,000 ","$28,848,693 ","$55,348,693 ",17483,[35],329833,en,Zoolander 2,12.997,4.7,1374
Barbershop: The Next Cut,WB (NL),54000000,1000000,2016,22,4/15/2016,Barbershop: The Next Cut,"$20,000,000 ","$54,030,051 ","$54,404,202 ",17487,[35],326423,en,Barbershop: The Next Cut,12.846,6,248
The Finest Hours,BV,27600000,24500000,2016,36,1/29/2016,The Finest Hours,"$70,000,000 ","$27,569,558 ","$49,252,761 ",17491,"[28, 18, 36, 53]",300673,en,The Finest Hours,12.673,6.4,943
Patriots Day,LGF,31900000,18700000,2016,69,12/21/2016,Patriots Day,"$40,000,000 ","$31,886,361 ","$52,837,989 ",17453,"[28, 18, 53, 80, 36]",388399,en,Patriots Day,15.435,6.9,1337
Patriots Day,LGF,31900000,18700000,2016,69,12/21/2016,Patriots Day,"$40,000,000 ","$31,886,361 ","$52,837,989 ",20702,"[28, 18, 53, 80, 36]",388399,en,Patriots Day,15.435,6.9,1337
Florence Foster Jenkins,Par.,27400000,21500000,2016,22,8/12/2016,Florence Foster Jenkins,"$29,000,000 ","$27,383,770 ","$56,000,339 ",17682,"[35, 18]",315664,en,Florence Foster Jenkins,8.453,6.7,849
Eddie the Eagle,Fox,15800000,30400000,2016,86,2/26/2016,Eddie the Eagle,"$23,000,000 ","$15,789,389 ","$45,060,480 ",17524,"[35, 18, 36, 12]",319888,en,Eddie the Eagle,11.483,7.2,1190
Blair Witch,LGF,20800000,24400000,2016,1,9/16/2016,Blair Witch,"$10,000,000 ","$20,777,061 ","$38,985,577 ",17590,"[53, 27]",351211,en,Blair Witch,9.772,5,1094
Blair Witch,LGF,20800000,24400000,2016,1,9/16/2016,Blair Witch,"$10,000,000 ","$20,777,061 ","$38,985,577 ",20877,"[53, 27]",351211,en,Blair Witch,9.772,5,1094
Almost Christmas,Uni.,42200000,422000,2016,81,11/11/2016,Almost Christmas,"$17,000,000 ","$42,065,185 ","$42,493,506 ",17878,"[35, 18]",340402,en,Almost Christmas,6.532,5.6,245
The Witch,A24,25100000,15300000,2016,94,2/19/2016,The Witch,"$3,500,000 ","$25,138,705 ","$40,454,520 ",14254,"[9648, 27]",310131,en,The Witch,13.493,6.6,2931
The Witch,A24,25100000,15300000,2016,94,2/19/2016,The Witch,"$3,500,000 ","$25,138,705 ","$40,454,520 ",17479,"[9648, 27]",310131,en,The Witch,13.493,6.6,2931
Hell or High Water,LGF,27000000,10900000,2016,77,8/12/2016,Hell or High Water,"$12,000,000 ","$27,007,844 ","$37,584,304 ",17449,"[80, 18, 53, 37]",338766,en,Hell or High Water,15.749,7.3,2468
The Forest,Focus,26600000,11000000,2016,92,1/8/2016,The Forest,"$10,000,000 ","$26,594,261 ","$40,749,230 ",17572,"[27, 53, 9648]",329440,en,The Forest,10.069,5,957
Snowden,ORF,21600000,15700000,2016,79,9/16/2016,Snowden,"$50,000,000 ","$21,587,519 ","$35,380,918 ",17475,"[18, 36, 80, 53]",302401,en,Snowden,13.703,7.1,2427
When the Bough Breaks,SGem,29700000,911000,2016,85,9/9/2016,When the Bough Breaks,"$10,000,000 ","$29,747,603 ","$30,768,449 ",17711,"[9648, 18, 27]",335791,en,When the Bough Breaks,8.062,5.3,150
Nocturnal Animals,Focus,10700000,19600000,2016,3,11/18/2016,Nocturnal Animals,"$22,500,000 ","$10,663,357 ","$32,398,681 ",17445,"[18, 53]",340666,en,Nocturnal Animals,16.19,7.4,4192
Nocturnal Animals,Focus,10700000,19600000,2016,3,11/18/2016,Nocturnal Animals,"$22,500,000 ","$10,663,357 ","$32,398,681 ",20689,"[18, 53]",340666,en,Nocturnal Animals,16.19,7.4,4192
The Light Between Oceans,BV,12500000,13400000,2016,34,9/2/2016,The Light Between Oceans,"$20,000,000 ","$12,545,979 ","$22,281,732 ",17387,"[18, 10749]",283552,en,The Light Between Oceans,29.887,7.1,831
Free State of Jones,STX,20800000,4200000,2016,81,6/24/2016,Free State of Jones,"$50,000,000 ","$20,810,036 ","$23,237,252 ",17670,"[28, 18, 36, 10752]",316152,en,Free State of Jones,8.574,6.6,787
Middle School: The Worst Years of My Life,LGF,20000000,3300000,2016,39,10/7/2016,Middle School: The Worst Years of My Life,"$8,500,000 ","$20,007,149 ","$23,311,293 ",17678,"[10751, 35]",369883,en,Middle School: The Worst Years of My Life,8.479,7,190
Triple 9,ORF,12600000,10500000,2016,33,2/26/2016,Triple 9,"$20,000,000 ","$12,639,297 ","$25,943,792 ",17480,"[28, 53, 9648]",146198,en,Triple 9,13.334,5.8,1258
Whiskey Tango Foxtrot,Par.,23100000,1200000,2016,6,3/4/2016,Whiskey Tango Foxtrot,"$35,000,000 ","$23,083,334 ","$25,350,747 ",17671,"[10752, 35]",279641,en,Whiskey Tango Foxtrot,8.564,6.2,596
Fifty Shades of Black,ORF,11700000,10500000,2016,15,1/29/2016,Fifty Shades of Black,"$5,000,000 ","$11,686,940 ","$22,113,075 ",17660,"[10749, 35]",351819,en,Fifty Shades of Black,8.784,4.4,677
Keanu,WB (NL),20600000,1200000,2016,70,4/29/2016,Keanu,"$15,000,000 ","$20,591,853 ","$20,688,141 ",17644,"[28, 35]",342521,en,Keanu,8.952,6,644
The Edge of Seventeen,STX,14400000,4400000,2016,86,11/18/2016,The Edge of Seventeen,"$9,000,000 ","$14,431,633 ","$19,096,003 ",17520,"[35, 18]",376660,en,The Edge of Seventeen,11.546,7.2,2224
The Edge of Seventeen,STX,14400000,4400000,2016,86,11/18/2016,The Edge of Seventeen,"$9,000,000 ","$14,431,633 ","$19,096,003 ",20784,"[35, 18]",376660,en,The Edge of Seventeen,11.546,7.2,2224
Eye in the Sky,BST,18700000,1200000,2016,75,3/11/2016,Eye in the Sky,"$13,000,000 ","$18,704,596 ","$35,402,802 ",17558,"[18, 53, 10752]",333352,en,Eye in the Sky,10.219,7.1,850
Norm of the North,LGF,17100000,1200000,2016,9,1/15/2016,Norm of the North,"$18,000,000 ","$17,062,499 ","$30,535,660 ",17617,"[12, 16, 35, 10751]",276905,en,Norm of the North,9.325,4.2,192
Pride and Prejudice and Zombies,SGem,10900000,5500000,2016,74,2/5/2016,Pride and Prejudice and Zombies,"$28,000,000 ","$10,907,291 ","$16,638,300 ",17635,"[10749, 27, 35, 53]",58431,en,Pride and Prejudice and Zombies,9.086,5.7,1195
The Infiltrator,BG,15400000,1200000,2016,32,7/13/2016,The Infiltrator,"$47,500,000 ","$15,436,808 ","$20,718,104 ",17606,"[80, 18, 53]",325789,en,The Infiltrator,9.588,6.6,943
Jackie,FoxS,14000000,1200000,2016,87,12/2/2016,Jackie,"$9,000,000 ","$13,960,394 ","$36,588,512 ",17656,[18],376866,en,Jackie,8.819,6.4,1420
Shut In,EC,6900000,6200000,2016,50,11/11/2016,Shut In,"$10,000,000 ","$6,900,335 ","$11,360,665 ",17548,"[18, 53]",329981,en,Shut In,10.535,5.2,374
Loving,Focus,7800000,5200000,2016,92,11/4/2016,Loving,"$9,000,000 ","$7,710,234 ","$12,898,064 ",17677,"[10749, 18]",339419,en,Loving,8.506,6.7,529
Loving,Focus,7800000,5200000,2016,92,11/4/2016,Loving,"$9,000,000 ","$7,710,234 ","$12,898,064 ",20970,"[10749, 18]",339419,en,Loving,8.506,6.7,529
The Man Who Knew Infinity,IFC,3900000,8400000,2016,67,4/29/2016,The Man Who Knew Infinity,"$10,000,000 ","$3,877,922 ","$12,382,122 ",17663,[18],353326,en,The Man Who Knew Infinity,8.76,7.2,699
The Darkness,BH Tilt,10800000,1200000,2016,98,5/13/2016,The Darkness,"$4,000,000 ","$10,753,574 ","$10,898,293 ",17688,"[27, 53]",257345,en,The Darkness,8.357,4.8,347
The Perfect Match,LGF,9700000,745000,2016,22,3/11/2016,The Perfect Match,"$5,000,000 ","$9,669,521 ","$10,182,050 ",17829,"[35, 10749]",378200,en,The Perfect Match,6.875,5.5,78
Queen of Katwe,BV,8900000,1500000,2016,6,9/23/2016,Queen of Katwe,"$15,000,000 ","$8,874,389 ","$10,055,481 ",17757,[18],317557,en,Queen of Katwe,7.564,7.1,225
Miss Sloane,EC,3500000,5600000,2016,36,11/25/2016,Miss Sloane,"$18,000,000 ","$3,500,605 ","$7,719,630 ",17498,"[18, 53]",376290,en,Miss Sloane,12.215,7.4,912
Miss Sloane,EC,3500000,5600000,2016,36,11/25/2016,Miss Sloane,"$18,000,000 ","$3,500,605 ","$7,719,630 ",20764,"[18, 53]",376290,en,Miss Sloane,12.215,7.4,912
Morgan,Fox,3900000,4900000,2016,5,9/2/2016,Morgan,"$8,000,000 ","$3,915,251 ","$7,298,786 ",17580,"[27, 878, 53]",377264,en,Morgan,9.912,5.7,843
The Young Messiah,Focus,6500000,1200000,2016,17,3/11/2016,The Young Messiah,"$16,800,000 ","$6,469,813 ","$7,313,697 ",18005,[18],318850,en,The Young Messiah,5.531,6.1,50
Incarnate,BH Tilt,4800000,1500000,2016,39,12/2/2016,Incarnate,"$5,000,000 ","$4,799,774 ","$9,371,036 ",17803,"[27, 53]",241258,en,Incarnate,7.137,5.2,314
Max Steel,ORF,3800000,2500000,2016,68,10/14/2016,Max Steel,"$10,000,000 ","$3,818,664 ","$4,563,080 ",17648,"[28, 12, 878]",286567,en,Max Steel,8.88,5.2,383
Max Steel,ORF,3800000,2500000,2016,68,10/14/2016,Max Steel,"$10,000,000 ","$3,818,664 ","$4,563,080 ",20946,"[28, 12, 878]",286567,en,Max Steel,8.88,5.2,383
Midnight Special,WB,3700000,2500000,2016,35,3/18/2016,Midnight Special,"$18,000,000 ","$3,712,282 ","$7,680,250 ",17669,"[12, 18, 878]",245703,en,Midnight Special,8.653,6.3,1105
Genius,RAtt.,1400000,4300000,2016,10,6/10/2016,Genius,"$17,000,000 ","$1,361,045 ","$7,265,283 ",17613,"[18, 36]",267192,en,Genius,9.417,6.5,391
Hunt for the Wilderpeople,Orch.,5200000,1200000,2016,25,6/24/2016,Hunt for the Wilderpeople,"$2,500,000 ","$5,205,471 ","$23,845,533 ",17492,"[12, 35, 18]",371645,en,Hunt for the Wilderpeople,12.545,7.8,915
Hands of Stone,Wein.,4700000,1200000,2016,74,8/26/2016,Hands of Stone,"$20,000,000 ","$4,712,792 ","$5,031,975 ",17703,[18],184341,en,Hands of Stone,8.17,6.1,167
The Meddler,SPC,4300000,1200000,2016,58,4/22/2016,The Meddler,"$3,200,000 ","$4,267,219 ","$5,526,942 ",17743,"[35, 18]",337154,en,The Meddler,7.725,5.8,186
A Hologram for the King,RAtt.,4200000,1200000,2016,47,4/22/2016,A Hologram for the King,"$35,000,000 ","$4,212,494 ","$11,846,010 ",17537,"[35, 18]",270010,en,A Hologram for the King,11.055,5.9,589
Swiss Army Man,A24,4200000,1200000,2016,10,6/24/2016,Swiss Army Man,"$3,000,000 ","$4,210,454 ","$5,837,111 ",17575,"[35, 18, 10749, 14, 12]",347031,en,Swiss Army Man,10,6.9,1789
Denial,BST,4099999,1200000,2016,66,9/30/2016,Denial,"$10,000,000 ","$4,073,448 ","$9,263,940 ",17622,"[18, 36]",402298,en,Denial,9.267,6.7,349
Denial,BST,4099999,1200000,2016,66,9/30/2016,Denial,"$10,000,000 ","$4,073,448 ","$9,263,940 ",20913,"[18, 36]",402298,en,Denial,9.267,6.7,349
Green Room,A24,3200000,1200000,2016,46,4/15/2016,Green Room,"$5,000,000 ","$3,220,371 ","$3,807,503 ",14322,"[27, 80, 53]",313922,en,Green Room,9.943,6.8,1314
Green Room,A24,3200000,1200000,2016,46,4/15/2016,Green Room,"$5,000,000 ","$3,220,371 ","$3,807,503 ",17578,"[27, 80, 53]",313922,en,Green Room,9.943,6.8,1314
Compadres,PNT,3100000,1200000,2016,21,4/22/2016,Compadres,"$3,000,000 ","$3,127,773 ","$7,445,044 ",18591,"[28, 35]",317930,es,Compadres,1.927,5.1,21
The Disappointments Room,Rela.,2400000,1200000,2016,30,9/9/2016,The Disappointments Room,"$15,000,000 ","$2,423,467 ","$3,503,761 ",17908,"[18, 27, 53]",293452,en,The Disappointments Room,6.324,4.4,272
Paterson,BST,2200000,1200000,2016,54,12/28/2016,Paterson,"$5,000,000 ","$2,141,423 ","$10,727,536 ",17610,"[35, 18, 10749]",370755,en,Paterson,9.486,7.1,736
Paterson,BST,2200000,1200000,2016,54,12/28/2016,Paterson,"$5,000,000 ","$2,141,423 ","$10,727,536 ",20894,"[35, 18, 10749]",370755,en,Paterson,9.486,7.1,736
American Honey,A24,663000,1200000,2016,15,9/30/2016,American Honey,"$3,500,000 ","$663,247 ","$2,611,750 ",17662,[18],340485,en,American Honey,8.778,6.7,417
Jane Got a Gun,Wein.,1500000,1200000,2016,12,1/29/2016,Jane Got a Gun,"$25,000,000 ","$1,513,793 ","$3,771,345 ",17654,"[28, 18, 37]",174751,en,Jane Got a Gun,8.825,5.5,439
A Street Cat Named Bob,Cleopatra,82700,1200000,2016,31,11/18/2016,A Street Cat Named Bob,"$8,000,000 ","$82,703 ","$17,382,693 ",17805,"[18, 10751, 35]",404378,en,A Street Cat Named Bob,7.12,7.5,500
A Street Cat Named Bob,Cleopatra,82700,1200000,2016,31,11/18/2016,A Street Cat Named Bob,"$8,000,000 ","$82,703 ","$17,382,693 ",21121,"[18, 10751, 35]",404378,en,A Street Cat Named Bob,7.12,7.5,500
The Fate of the Furious,Uni.,226000000,"1,010.00",2017,23,4/14/2017,The Fate of the Furious,"$250,000,000 ","$225,764,765 ","$1,234,846,267 ",20630,"[28, 80, 53]",337339,en,The Fate of the Furious,28.668,6.9,6335
Despicable Me 3,Uni.,264600000,770200000,2017,30,6/30/2017,Despicable Me 3,"$75,000,000 ","$264,624,300 ","$1,034,727,750 ",20686,"[28, 16, 35, 10751, 12]",324852,en,Despicable Me 3,16.407,6.3,4106
Jumanji: Welcome to the Jungle,Sony,404500000,557600000,2017,38,12/20/2017,Jumanji: Welcome to the Jungle,"$90,000,000 ","$404,508,916 ","$964,496,193 ",20661,"[28, 12, 35, 14]",353486,en,Jumanji: Welcome to the Jungle,20.395,6.7,7213
Jumanji: Welcome to the Jungle,Sony,404500000,557600000,2017,38,12/20/2017,Jumanji: Welcome to the Jungle,"$90,000,000 ","$404,508,916 ","$964,496,193 ",23897,"[28, 12, 35, 14]",353486,en,Jumanji: Welcome to the Jungle,20.395,6.7,7213
Spider-Man: Homecoming,Sony,334200000,546000000,2017,99,7/7/2017,Spider-Man: Homecoming,"$175,000,000 ","$334,201,140 ","$880,166,350 ",20618,"[28, 12, 878, 18]",315635,en,Spider-Man: Homecoming,46.775,7.4,11585
Thor: Ragnarok,BV,315100000,538900000,2017,82,11/3/2017,Thor: Ragnarok,"$180,000,000 ","$315,058,289 ","$846,980,024 ",20621,"[28, 12, 35, 14]",284053,en,Thor: Ragnarok,43.45,7.5,11380
Thor: Ragnarok,BV,315100000,538900000,2017,82,11/3/2017,Thor: Ragnarok,"$180,000,000 ","$315,058,289 ","$846,980,024 ",23819,"[28, 12, 35, 14]",284053,en,Thor: Ragnarok,43.45,7.5,11380
Wonder Woman,WB,412600000,409300000,2017,55,6/2/2017,Wonder Woman,"$150,000,000 ","$412,563,408 ","$821,133,378 ",20628,"[12, 14, 10752, 10749]",297762,en,Wonder Woman,31.618,7.3,12566
Coco,BV,209700000,597400000,2017,2,11/22/2017,Coco,"$175,000,000 ","$209,726,015 ","$798,008,101 ",20635,"[16, 10751, 35, 12, 14]",354912,en,Coco,25.961,8.2,8669
Coco,BV,209700000,597400000,2017,2,11/22/2017,Coco,"$175,000,000 ","$209,726,015 ","$798,008,101 ",23859,"[16, 10751, 35, 12, 14]",354912,en,Coco,25.961,8.2,8669
Pirates of the Caribbean: Dead Men Tell No Tales,BV,172600000,622300000,2017,25,5/26/2017,Pirates of the Caribbean: Dead Men Tell No Tales,"$230,000,000 ","$172,558,876 ","$788,241,137 ",20634,"[12, 28, 14, 35]",166426,en,Pirates of the Caribbean: Dead Men Tell No Tales,28.101,6.6,6931
It,WB (NL),327500000,372900000,2017,24,9/8/2017,It,"$35,000,000 ","$327,481,748 ","$697,457,969 ",20729,"[27, 53]",346364,en,It,13.966,7.2,10931
It,WB (NL),327500000,372900000,2017,24,9/8/2017,It,"$35,000,000 ","$327,481,748 ","$697,457,969 ",24005,"[27, 53]",346364,en,It,13.966,7.2,10931
Justice League,WB,229000000,428900000,2017,9,11/17/2017,Justice League,"$300,000,000 ","$229,024,295 ","$655,945,209 ",20623,"[28, 12, 14, 878]",141052,en,Justice League,34.953,6.2,7510
Justice League,WB,229000000,428900000,2017,9,11/17/2017,Justice League,"$300,000,000 ","$229,024,295 ","$655,945,209 ",23830,"[28, 12, 14, 878]",141052,en,Justice League,34.953,6.2,7510
Transformers: The Last Knight,Par.,130199999,475300000,2017,33,6/21/2017,Transformers: The Last Knight,"$217,000,000 ","$130,168,683 ","$602,893,340 ",20642,"[28, 878, 53, 12]",335988,en,Transformers: The Last Knight,24.258,6,3255
Kong: Skull Island,WB,168100000,398600000,2017,78,3/10/2017,Kong: Skull Island,"$185,000,000 ","$168,052,812 ","$561,072,059 ",20629,"[28, 12, 14]",293167,en,Kong: Skull Island,29.388,6.3,6054
The Boss Baby,Fox,175000000,353000000,2017,71,3/31/2017,The Boss Baby,"$125,000,000 ","$175,003,033 ","$510,878,762 ",21082,"[16, 35, 10751]",295693,en,The Boss Baby,7.445,6.4,4314
War for the Planet of the Apes,Fox,146900000,343800000,2017,52,7/14/2017,War for the Planet of the Apes,"$152,000,000 ","$146,880,162 ","$489,592,267 ",20645,"[18, 878, 10752]",281338,en,War for the Planet of the Apes,23.445,7,5235
The Greatest Showman,Fox,174300000,260700000,2017,25,12/20/2017,The Greatest Showman,"$84,000,000 ","$174,340,174 ","$386,665,550 ",20649,[18],316029,en,The Greatest Showman,22.009,8,5197
The Greatest Showman,Fox,174300000,260700000,2017,25,12/20/2017,The Greatest Showman,"$84,000,000 ","$174,340,174 ","$386,665,550 ",23885,[18],316029,en,The Greatest Showman,22.009,8,5197
Kingsman: The Golden Circle,Fox,100200000,310700000,2017,54,9/22/2017,Kingsman: The Golden Circle,"$104,000,000 ","$100,234,838 ","$408,803,696 ",20641,"[28, 12, 35]",343668,en,Kingsman: The Golden Circle,24.337,7,5531
Cars 3,BV,152900000,231000000,2017,5,6/16/2017,Cars 3,"$175,000,000 ","$152,901,115 ","$383,541,369 ",20669,"[12, 16, 35, 10751]",260514,en,Cars 3,18.427,6.7,2596
Fifty Shades Darker,Uni.,114600000,267000000,2017,91,2/10/2017,Fifty Shades Darker,"$55,000,000 ","$114,434,010 ","$381,398,492 ",20770,"[18, 10749]",341174,en,Fifty Shades Darker,12.083,6.1,4489
The Great Wall,Uni.,45500000,289400000,2017,92,2/17/2017,The Great Wall,"$150,000,000 ","$45,157,105 ","$334,486,852 ",20666,"[28, 12, 14]",311324,en,The Great Wall,19.144,5.8,2775
Resident Evil: The Final Chapter,SGem,26800000,285400000,2017,84,1/27/2017,Resident Evil: The Final Chapter,"$40,000,000 ","$26,844,692 ","$314,101,190 ",22654,"[28, 27, 878]",173897,en,Resident Evil: The Final Chapter,0.844,5.9,1859
Annabelle: Creation,WB (NL),102100000,204400000,2017,2,8/11/2017,Annabelle: Creation,"$15,000,000 ","$102,092,201 ","$305,384,865 ",20657,"[27, 9648, 53]",396422,en,Annabelle: Creation,21.245,6.5,3141
Wonder,LGF,132400000,173500000,2017,95,11/17/2017,Wonder,"$20,000,000 ","$132,422,809 ","$304,604,712 ",20662,"[18, 10751]",406997,en,Wonder,20.101,8.2,3959
Wonder,LGF,132400000,173500000,2017,95,11/17/2017,Wonder,"$20,000,000 ","$132,422,809 ","$304,604,712 ",23903,"[18, 10751]",406997,en,Wonder,20.101,8.2,3959
Ferdinand,Fox,84400000,211700000,2017,14,12/15/2017,Ferdinand,"$111,000,000 ","$84,410,380 ","$289,847,930 ",20664,"[16, 10751, 12, 35]",364689,en,Ferdinand,19.479,7.1,1425
Ferdinand,Fox,84400000,211700000,2017,14,12/15/2017,Ferdinand,"$111,000,000 ","$84,410,380 ","$289,847,930 ",23906,"[16, 10751, 12, 35]",364689,en,Ferdinand,19.479,7.1,1425
Blade Runner 2049,WB,92100000,167200000,2017,80,10/6/2017,Blade Runner 2049,"$185,000,000 ","$92,054,159 ","$259,357,408 ",20617,"[878, 28, 53]",335984,en,Blade Runner 2049,48.571,7.4,6679
Blade Runner 2049,WB,92100000,167200000,2017,80,10/6/2017,Blade Runner 2049,"$185,000,000 ","$92,054,159 ","$259,357,408 ",23813,"[878, 28, 53]",335984,en,Blade Runner 2049,48.571,7.4,6679
Get Out,Uni.,176000000,79400000,2017,49,2/24/2017,Get Out,"$5,000,000 ","$176,040,665 ","$255,367,951 ",20637,"[9648, 53, 27]",419430,en,Get Out,24.739,7.5,8760
Alien: Covenant,Fox,74300000,166600000,2017,12,5/19/2017,Alien: Covenant,"$97,000,000 ","$74,262,031 ","$238,521,247 ",20638,"[27, 878, 53]",126889,en,Alien: Covenant,24.651,5.9,4971
Baby Driver,TriS,107800000,119100000,2017,59,6/28/2017,Baby Driver,"$34,000,000 ","$107,825,862 ","$228,104,185 ",20646,"[28, 80]",339403,en,Baby Driver,22.895,7.4,8034
Valerian and the City of a Thousand Planets,STX,41200000,184700000,2017,90,7/21/2017,Valerian and the City of a Thousand Planets,"$180,000,000 ","$40,479,370 ","$215,098,356 ",20644,"[12, 878, 28]",339964,en,Valerian and the City of a Thousand Planets,24.003,6.6,4149
Geostorm,WB,33700000,187900000,2017,99,10/20/2017,Geostorm,"$100,000,000 ","$33,700,160 ","$220,796,009 ",20735,"[28, 878, 53]",274855,en,Geostorm,13.653,5.8,2246
Geostorm,WB,33700000,187900000,2017,99,10/20/2017,Geostorm,"$100,000,000 ","$33,700,160 ","$220,796,009 ",24016,"[28, 878, 53]",274855,en,Geostorm,13.653,5.8,2246
Smurfs: The Lost Village,Sony,45000000,152200000,2017,5,4/7/2017,Smurfs: The Lost Village,"$60,000,000 ","$45,020,282 ","$197,578,586 ",20699,"[12, 16, 35, 10751]",137116,en,Smurfs: The Lost Village,15.663,6.2,736
The Shape of Water,FoxS,63900000,131400000,2017,19,12/1/2017,The Shape of Water,"$19,500,000 ","$63,859,435 ","$195,790,794 ",20648,"[18, 14, 10749]",399055,en,The Shape of Water,22.025,7.2,7224
The Shape of Water,FoxS,63900000,131400000,2017,19,12/1/2017,The Shape of Water,"$19,500,000 ","$63,859,435 ","$195,790,794 ",23884,"[18, 14, 10749]",399055,en,The Shape of Water,22.025,7.2,7224
Pitch Perfect 3,Uni.,104900000,80500000,2017,58,12/22/2017,Pitch Perfect 3,"$45,000,000 ","$104,897,530 ","$185,736,412 ",20711,"[35, 10402]",353616,en,Pitch Perfect 3,14.89,6.5,1884
Pitch Perfect 3,Uni.,104900000,80500000,2017,58,12/22/2017,Pitch Perfect 3,"$45,000,000 ","$104,897,530 ","$185,736,412 ",23984,"[35, 10402]",353616,en,Pitch Perfect 3,14.89,6.5,1884
The Post,Fox,81900000,97900000,2017,9,12/22/2017,The Post,"$50,000,000 ","$81,903,458 ","$179,748,880 ",20700,"[18, 36]",446354,en,The Post,15.551,7,2506
The Post,Fox,81900000,97900000,2017,9,12/22/2017,The Post,"$50,000,000 ","$81,903,458 ","$179,748,880 ",23971,"[18, 36]",446354,en,The Post,15.551,7,2506
"Three Billboards Outside Ebbing, Missouri",FoxS,54500000,104700000,2017,59,11/10/2017,"Three Billboards Outside Ebbing, Missouri","$12,000,000 ","$54,513,740 ","$160,191,915 ",20673,"[80, 18]",359940,en,"Three Billboards Outside Ebbing, Missouri",17.808,8.2,5432
"Three Billboards Outside Ebbing, Missouri",FoxS,54500000,104700000,2017,59,11/10/2017,"Three Billboards Outside Ebbing, Missouri","$12,000,000 ","$54,513,740 ","$160,191,915 ",23922,"[80, 18]",359940,en,"Three Billboards Outside Ebbing, Missouri",17.808,8.2,5432
Darkest Hour,Focus,56500000,94400000,2017,84,11/22/2017,Darkest Hour,"$30,000,000 ","$56,443,120 ","$150,807,172 ",20705,"[18, 36]",399404,en,Darkest Hour,15.331,7.3,2715
Darkest Hour,Focus,56500000,94400000,2017,84,11/22/2017,Darkest Hour,"$30,000,000 ","$56,443,120 ","$150,807,172 ",23975,"[18, 36]",399404,en,Darkest Hour,15.331,7.3,2715
King Arthur: Legend of the Sword,WB,39200000,109500000,2017,11,5/12/2017,King Arthur: Legend of the Sword,"$175,000,000 ","$39,175,066 ","$139,630,336 ",20650,"[28, 18, 14]",274857,en,King Arthur: Legend of the Sword,21.793,6.5,3305
The Foreigner,STX,34400000,111000000,2017,81,10/13/2017,The Foreigner,"$35,000,000 ","$34,393,507 ","$140,783,360 ",20716,"[28, 53, 18]",379149,en,The Foreigner,14.616,6.7,1086
The Foreigner,STX,34400000,111000000,2017,81,10/13/2017,The Foreigner,"$35,000,000 ","$34,393,507 ","$140,783,360 ",23993,"[28, 53, 18]",379149,en,The Foreigner,14.616,6.7,1086
Girls Trip,Uni.,115200000,25400000,2017,36,7/21/2017,Girls Trip,"$28,000,000 ","$115,108,515 ","$140,886,353 ",20966,[35],417870,en,Girls Trip,8.589,6.8,968
American Made,Uni.,51300000,83500000,2017,32,9/29/2017,American Made,"$50,000,000 ","$51,342,000 ","$135,569,212 ",20681,"[28, 80]",337170,en,American Made,16.748,6.7,2188
American Made,Uni.,51300000,83500000,2017,32,9/29/2017,American Made,"$50,000,000 ","$51,342,000 ","$135,569,212 ",23942,"[28, 80]",337170,en,American Made,16.748,6.7,2188
A Bad Moms Christmas,STX,72100000,58400000,2017,40,11/1/2017,A Bad Moms Christmas,"$28,000,000 ","$72,110,659 ","$127,710,550 ",20684,[35],431530,en,A Bad Moms Christmas,16.604,6.3,1044
A Bad Moms Christmas,STX,72100000,58400000,2017,40,11/1/2017,A Bad Moms Christmas,"$28,000,000 ","$72,110,659 ","$127,710,550 ",23944,[35],431530,en,A Bad Moms Christmas,16.604,6.3,1044
Captain Underpants: The First Epic Movie,Fox,73900000,51600000,2017,59,6/2/2017,Captain Underpants: The First Epic Movie,"$38,000,000 ","$73,921,000 ","$126,577,874 ",20670,"[28, 16, 35, 10751]",268531,en,Captain Underpants: The First Epic Movie,18.31,6,587
Happy Death Day,Uni.,55700000,69800000,2017,58,10/13/2017,Happy Death Day,"$5,000,000 ","$55,683,845 ","$125,010,260 ",20658,"[27, 9648, 53]",440021,en,Happy Death Day,21.23,6.6,3211
The Dark Tower,Sony,50700000,62500000,2017,95,8/4/2017,The Dark Tower,"$60,000,000 ","$50,701,325 ","$113,461,527 ",20701,"[28, 14, 878, 37, 27]",353491,en,The Dark Tower,15.517,5.6,2842
Jigsaw,LGF,38100000,64900000,2017,61,10/27/2017,Jigsaw,"$10,000,000 ","$38,052,832 ","$102,445,196 ",20676,"[80, 27, 9648, 53]",298250,en,Jigsaw,17.398,6.1,1887
Atomic Blonde,Focus,51700000,48300000,2017,94,7/28/2017,Atomic Blonde,"$30,000,000 ","$51,573,925 ","$98,345,423 ",20652,"[28, 9648, 53]",341013,en,Atomic Blonde,21.662,6.3,3645
Rings,Par.,27800000,55300000,2017,38,2/3/2017,Rings,"$25,000,000 ","$27,793,018 ","$82,917,283 ",20738,[27],14564,en,Rings,13.53,4.9,1785
Underworld: Blood Wars,SGem,30400000,50700000,2017,91,1/6/2017,Underworld: Blood Wars,"$35,000,000 ","$30,353,973 ","$81,209,222 ",20667,"[28, 14, 27, 18]",346672,en,Underworld: Blood Wars,18.976,5.5,2318
Lady Bird,A24,49000000,30000000,2017,53,11/3/2017,Lady Bird,"$10,000,000 ","$48,958,273 ","$78,610,769 ",20690,"[35, 18]",391713,en,Lady Bird,15.974,7.3,3866
Lady Bird,A24,49000000,30000000,2017,53,11/3/2017,Lady Bird,"$10,000,000 ","$48,958,273 ","$78,610,769 ",23960,"[35, 18]",391713,en,Lady Bird,15.974,7.3,3866
American Assassin,LGF,36200000,31000000,2017,28,9/15/2017,American Assassin,"$63,000,000 ","$36,249,674 ","$68,310,140 ",20703,"[28, 53]",415842,en,American Assassin,15.434,6.3,1596
The Nut Job 2: Nutty by Nature,ORF,28400000,36800000,2017,81,8/11/2017,The Nut Job 2: Nutty by Nature,"$40,000,000 ","$28,370,522 ","$57,438,389 ",20941,"[10751, 16, 12, 35]",335777,en,The Nut Job 2: Nutty by Nature,8.975,5.7,227
Monster Trucks,Par.,33400000,31100000,2017,81,1/13/2017,Monster Trucks,"$125,000,000 ","$33,370,166 ","$61,642,798 ",20948,"[28, 35, 878]",262841,en,Monster Trucks,8.827,5.9,414
The Star,Sony,40900000,22000000,2017,39,11/17/2017,The Star,"$20,000,000 ","$40,847,995 ","$62,758,010 ",20720,"[35, 12, 10751, 14, 16]",355547,en,The Star,14.53,5.4,233
"Everything, Everything",WB,34100000,27500000,2017,70,5/19/2017,"Everything, Everything","$10,000,000 ","$34,121,140 ","$61,603,136 ",20728,"[18, 10749]",417678,en,"Everything, Everything",13.998,7.2,2447
Snatched,Fox,45900000,15000000,2017,51,5/12/2017,Snatched,"$42,000,000 ","$45,852,178 ","$57,852,177 ",20815,"[28, 35]",373569,en,Snatched,10.92,5.3,495
The Big Sick,LGF,42900000,13500000,2017,64,6/23/2017,The Big Sick,"$5,000,000 ","$42,872,467 ","$53,972,860 ",20760,"[35, 18, 10749]",416477,en,The Big Sick,12.322,7.4,1302
Downsizing,Par.,24400000,30600000,2017,62,12/22/2017,Downsizing,"$68,000,000 ","$24,449,754 ","$54,462,971 ",20825,"[35, 18, 878]",301337,en,Downsizing,10.682,5.1,1887
Downsizing,Par.,24400000,30600000,2017,62,12/22/2017,Downsizing,"$68,000,000 ","$24,449,754 ","$54,462,971 ",24128,"[35, 18, 878]",301337,en,Downsizing,10.682,5.1,1887
"I, Tonya",Neon,30000000,23900000,2017,83,12/8/2017,"I, Tonya","$11,000,000 ","$30,014,534 ","$53,797,409 ",20704,[18],389015,en,"I, Tonya",15.407,7.5,2904
"I, Tonya",Neon,30000000,23900000,2017,83,12/8/2017,"I, Tonya","$11,000,000 ","$30,014,534 ","$53,797,409 ",23973,[18],389015,en,"I, Tonya",15.407,7.5,2904
Logan Lucky,BST,27800000,20700000,2017,21,8/18/2017,Logan Lucky,"$29,000,000 ","$27,778,642 ","$44,264,271 ",20697,"[28, 35, 80, 18]",399170,en,Logan Lucky,15.743,6.7,1627
Rough Night,Sony,22100000,25200000,2017,87,6/16/2017,Rough Night,"$20,000,000 ","$22,105,643 ","$46,844,357 ",20724,"[18, 35]",397422,en,Rough Night,14.338,5.6,1096
All Eyez on Me,LG/S,44900000,1200000,2017,91,6/16/2017,All Eyez on Me,"$45,000,000 ","$44,922,302 ","$54,876,855 ",21106,"[18, 10402]",402529,en,All Eyez on Me,7.249,6.4,695
mother!,Par.,17800000,26700000,2017,59,9/15/2017,mother!,"$30,000,000 ","$17,800,004 ","$42,531,076 ",20707,"[18, 27, 9648]",381283,en,mother!,15.227,7,3458
The Snowman,Uni.,6700000,36400000,2017,40,10/20/2017,The Snowman,"$35,000,000 ","$6,670,765 ","$43,226,146 ",20719,"[18, 80, 53, 27]",372343,en,The Snowman,14.581,5.1,1225
Fist Fight,WB (NL),32200000,8900000,2017,29,2/17/2017,Fist Fight,"$25,000,000 ","$32,187,017 ","$40,286,416 ",20874,[35],345922,en,Fist Fight,9.808,6,708
Diary of a Wimpy Kid: The Long Haul,Fox,20700000,19400000,2017,27,5/19/2017,Diary of a Wimpy Kid: The Long Haul,"$22,000,000 ","$20,738,724 ","$35,609,577 ",20821,"[35, 10751]",417830,en,Diary of a Wimpy Kid: The Long Haul,10.839,5.6,193
The House,WB (NL),25600000,8600000,2017,86,6/30/2017,The House,"$40,000,000 ","$25,584,504 ","$31,192,425 ",20888,[35],345914,en,The House,9.62,5.7,474
The Disaster Artist,A24,21100000,8700000,2017,100,12/1/2017,The Disaster Artist,"$10,000,000 ","$21,120,616 ","$28,717,667 ",20740,"[35, 18]",371638,en,The Disaster Artist,13.27,7.2,1895
The Disaster Artist,A24,21100000,8700000,2017,100,12/1/2017,The Disaster Artist,"$10,000,000 ","$21,120,616 ","$28,717,667 ",24028,"[35, 18]",371638,en,The Disaster Artist,13.27,7.2,1895
Home Again,ORF,27000000,1200000,2017,57,9/8/2017,Home Again,"$15,000,000 ","$27,020,284 ","$37,336,874 ",20834,"[35, 18, 10749]",427900,en,Home Again,10.478,5.9,659
The Bye Bye Man,STX,22400000,4300000,2017,77,1/13/2017,The Bye Bye Man,"$7,400,000 ","$22,395,806 ","$31,187,727 ",20870,"[27, 53]",292280,en,The Bye Bye Man,9.847,5.1,678
Father Figures,WB,17500000,8100000,2017,56,12/22/2017,Father Figures,"$25,000,000 ","$17,501,244 ","$21,038,441 ",20754,[35],354861,en,Father Figures,12.45,5.8,277
Father Figures,WB,17500000,8100000,2017,56,12/22/2017,Father Figures,"$25,000,000 ","$17,501,244 ","$21,038,441 ",24054,[35],354861,en,Father Figures,12.45,5.8,277
The Founder,Wein.,12800000,11300000,2017,90,1/20/2017,The Founder,"$15,000,000 ","$12,786,053 ","$24,403,192 ",17496,"[18, 36]",310307,en,The Founder,12.349,7,2093
The Founder,Wein.,12800000,11300000,2017,90,1/20/2017,The Founder,"$15,000,000 ","$12,786,053 ","$24,403,192 ",20757,"[18, 36]",310307,en,The Founder,12.349,7,2093
The Space Between Us,STX,7900000,6900000,2017,84,2/3/2017,The Space Between Us,"$30,000,000 ","$7,885,294 ","$16,481,405 ",20721,"[10749, 12, 878, 18]",365942,en,The Space Between Us,14.437,7.1,1455
Wish Upon,BG,14300000,1200000,2017,97,7/14/2017,Wish Upon,"$12,000,000 ","$14,301,505 ","$23,477,345 ",20846,"[53, 27, 14]",440597,en,Wish Upon,10.219,5.4,690
"Roman J. Israel, Esq.",Sony,12000000,1100000,2017,40,11/17/2017,"Roman J. Israel, Esq.","$22,000,000 ","$11,962,712 ","$12,967,012 ",20748,[18],413362,en,"Roman J. Israel, Esq.",12.688,6.2,499
"Roman J. Israel, Esq.",Sony,12000000,1100000,2017,40,11/17/2017,"Roman J. Israel, Esq.","$22,000,000 ","$11,962,712 ","$12,967,012 ",24048,[18],413362,en,"Roman J. Israel, Esq.",12.688,6.2,499
Battle of the Sexes,FoxS,12600000,1200000,2017,76,9/22/2017,Battle of the Sexes,"$25,000,000 ","$12,638,526 ","$18,445,379 ",20771,"[35, 18, 36]",369192,en,Battle of the Sexes,11.988,6.9,1045
Battle of the Sexes,FoxS,12600000,1200000,2017,76,9/22/2017,Battle of the Sexes,"$25,000,000 ","$12,638,526 ","$18,445,379 ",24077,"[35, 18, 36]",369192,en,Battle of the Sexes,11.988,6.9,1045
Before I Fall,ORF,12200000,1200000,2017,12,3/3/2017,Before I Fall,"$5,000,000 ","$12,241,072 ","$18,945,682 ",20718,"[18, 9648, 53, 14]",397837,en,Before I Fall,14.584,7,2135
Rock Dog,LG/S,9400000,1200000,2017,47,2/24/2017,Rock Dog,"$60,000,000 ","$9,420,546 ","$24,148,488 ",20842,"[12, 16, 35, 10751, 10402]",333667,en,Rock Dog,10.362,5.7,123
Stronger,RAtt.,4200000,4200000,2017,90,9/22/2017,Stronger,"$30,000,000 ","$4,211,129 ","$8,786,752 ",21036,[18],395993,en,Stronger,7.836,7,782
Just Getting Started,BG,6100000,1600000,2017,44,12/8/2017,Just Getting Started,"$22,000,000 ","$6,069,605 ","$6,756,412 ",20975,"[28, 35]",398177,en,Just Getting Started,8.459,4.9,94
Just Getting Started,BG,6100000,1600000,2017,44,12/8/2017,Just Getting Started,"$22,000,000 ","$6,069,605 ","$6,756,412 ",24283,"[28, 35]",398177,en,Just Getting Started,8.459,4.9,94
All Saints,Affirm,5800000,140000,2017,12,8/25/2017,All Saints,"$2,000,000 ","$5,802,208 ","$5,941,994 ",21423,"[18, 35]",450806,en,All Saints,4.042,6.1,25
The Florida Project,A24,5900000,1200000,2017,11,10/6/2017,The Florida Project,"$2,000,000 ","$5,904,366 ","$11,295,324 ",20782,[18],394117,en,The Florida Project,11.597,7.4,1125
Table 19,FoxS,3600000,1400000,2017,45,3/3/2017,Table 19,"$5,000,000 ","$3,614,896 ","$4,620,399 ",21072,"[35, 18]",353569,en,Table 19,7.551,6,604
Collide,ORF,2300000,2500000,2017,13,2/24/2017,Collide,"$29,200,000 ","$2,280,004 ","$5,466,698 ",20936,"[53, 28]",195590,en,Collide,9.035,5.6,331
The Wall,RAtt.,1800000,2700000,2017,29,5/12/2017,The Wall,"$3,000,000 ","$1,803,064 ","$4,495,262 ",21004,"[53, 10752, 18]",405775,en,The Wall,8.142,6.1,407
Free Fire,A24,1800000,1200000,2017,83,4/21/2017,Free Fire,"$10,000,000 ","$1,799,322 ","$3,793,739 ",20768,"[28, 80, 9648]",334521,en,Free Fire,12.116,6.3,540
A Ghost Story,A24,1600000,1200000,2017,86,7/7/2017,A Ghost Story,"$100,000 ","$1,594,798 ","$2,769,782 ",20776,"[18, 14, 10749]",428449,en,A Ghost Story,11.886,7,906
Patti Cake$,FoxS,800000,682000,2017,56,8/18/2017,Patti Cake$,"$1,000,000 ","$800,148 ","$1,471,090 ",21155,[18],426256,en,Patti Cake$,6.934,7,122
Churchill,Cohen,1300000,1200000,2017,91,6/2/2017,Churchill,"$10,000,000 ","$1,279,681 ","$7,582,196 ",21053,"[18, 53, 10752]",399790,en,Churchill,7.692,6.1,150
Avengers: Infinity War,BV,678800000,"1,369.50",2018,7,4/27/2018,Avengers: Infinity War,"$300,000,000 ","$678,815,482 ","$2,048,134,200 ",23811,"[12, 28, 14]",299536,en,Avengers: Infinity War,80.773,8.3,13948
Black Panther,BV,700100000,646900000,2018,42,2/16/2018,Black Panther,"$200,000,000 ","$700,059,566 ","$1,348,258,224 ",23817,"[28, 12, 14, 878]",284054,en,Black Panther,44.14,7.4,12365
Jurassic World: Fallen Kingdom,Uni.,417700000,891800000,2018,13,6/22/2018,Jurassic World: Fallen Kingdom,"$170,000,000 ","$417,719,760 ","$1,305,772,799 ",23829,"[28, 12, 878]",351286,en,Jurassic World: Fallen Kingdom,34.958,6.5,5995
Incredibles 2,BV,608600000,634200000,2018,44,6/15/2018,Incredibles 2,"$200,000,000 ","$608,581,744 ","$1,242,520,711 ",23826,"[28, 12, 16, 10751]",260513,en,Incredibles 2,36.286,7.6,6354
Aquaman,WB,335100000,812700000,2018,36,12/21/2018,Aquaman,"$160,000,000 ","$335,061,807 ","$1,146,894,640 ",23824,"[28, 12, 14]",297802,en,Aquaman,38.102,6.8,6155
Bohemian Rhapsody,Fox,216400000,687200000,2018,84,11/2/2018,Bohemian Rhapsody,"$55,000,000 ","$216,303,339 ","$894,985,342 ",23825,"[18, 10402]",424694,en,Bohemian Rhapsody,37.197,8.1,7629
Fantastic Beasts: The Crimes of Grindelwald,WB,159600000,494100000,2018,60,11/16/2018,Fantastic Beasts: The Crimes of Grindelwald,"$200,000,000 ","$159,555,901 ","$652,220,086 ",23814,[12],338952,en,Fantastic Beasts: The Crimes of Grindelwald,48.508,6.9,4870
Ant-Man and the Wasp,BV,216600000,406000000,2018,41,7/6/2018,Ant-Man and the Wasp,"$130,000,000 ","$216,648,740 ","$623,144,660 ",23816,"[28, 12, 878, 35]",363088,en,Ant-Man and the Wasp,44.729,7,6290
Ready Player One,WB,137700000,445200000,2018,78,3/29/2018,Ready Player One,"$150,000,000 ","$137,690,172 ","$579,290,136 ",23840,"[12, 878]",333339,en,Ready Player One,30.029,7.6,7021
The Meg,WB,145400000,384800000,2018,94,8/10/2018,The Meg,"$178,000,000 ","$145,443,742 ","$529,530,715 ",23836,"[28, 878, 53, 27]",345940,en,The Meg,31.397,5.9,2896
Bumblebee,Par.,127200000,340800000,2018,62,12/21/2018,Bumblebee,"$102,000,000 ","$127,195,589 ","$465,195,589 ",23820,"[28, 12, 878]",424783,en,Bumblebee,43.078,6.5,2425
Solo: A Star Wars Story,BV,213800000,179200000,2018,12,5/25/2018,Solo: A Star Wars Story,"$275,000,000 ","$213,767,512 ","$393,151,347 ",23845,"[28, 12, 878]",348350,en,Solo: A Star Wars Story,29.502,6.6,3838
Fifty Shades Freed,Uni.,100400000,271500000,2018,97,2/9/2018,Fifty Shades Freed,"$55,000,000 ","$100,407,760 ","$371,350,619 ",23882,"[18, 10749]",337167,en,Fifty Shades Freed,22.512,6.1,3535
Peter Rabbit,Sony,115300000,236000000,2018,97,2/9/2018,Peter Rabbit,"$50,000,000 ","$115,234,093 ","$347,136,477 ",23961,"[16, 12, 10751]",381719,en,Peter Rabbit,15.974,6.5,650
Mary Poppins Returns,BV,172000000,177600000,2018,45,12/19/2018,Mary Poppins Returns,"$130,000,000 ","$171,958,438 ","$341,528,518 ",23839,"[14, 10751, 35]",400650,en,Mary Poppins Returns,30.419,6.6,1457
A Quiet Place,Par.,188000000,152900000,2018,66,4/6/2018,A Quiet Place,"$17,000,000 ","$188,024,361 ","$334,522,294 ",23847,"[18, 27, 53, 878]",447332,en,A Quiet Place,29.154,7.3,5848
Green Book,Uni.,85100000,234700000,2018,71,11/16/2018,Green Book,"$23,000,000 ","$85,080,171 ","$322,034,439 ",23827,"[18, 35]",490132,en,Green Book,36.284,8.3,3499
Skyscraper,Uni.,68400000,236400000,2018,78,7/13/2018,Skyscraper,"$125,000,000 ","$68,420,120 ","$304,115,534 ",23855,[28],447200,en,Skyscraper,26.229,6.1,2177
Maze Runner: The Death Cure,Fox,58000000,230200000,2018,40,1/26/2018,Maze Runner: The Death Cure,"$61,000,000 ","$58,032,443 ","$265,878,536 ",23875,"[28, 878]",336843,en,Maze Runner: The Death Cure,23.166,7,3894
Tomb Raider,WB,58300000,216400000,2018,70,3/16/2018,Tomb Raider,"$90,000,000 ","$58,250,803 ","$273,477,501 ",23866,"[28, 12, 14]",338970,en,Tomb Raider,24.968,6.3,4310
Crazy Rich Asians,WB,174500000,64000000,2018,38,8/15/2018,Crazy Rich Asians,"$30,000,000 ","$174,532,921 ","$238,099,711 ",23919,"[35, 18, 10749]",455207,en,Crazy Rich Asians,17.969,7.1,1496
Smallfoot,WB,83200000,130900000,2018,69,9/28/2018,Smallfoot,"$80,000,000 ","$83,240,103 ","$213,691,277 ",23854,"[16, 10751, 12, 14]",446894,en,Smallfoot,26.231,6.6,600
Creed II,MGM,115700000,98300000,2018,96,11/21/2018,Creed II,"$50,000,000 ","$115,715,889 ","$213,591,522 ",23850,[18],480530,en,Creed II,26.907,6.7,2236
The Equalizer 2,Sony,102100000,88300000,2018,21,7/20/2018,The Equalizer 2,"$77,000,000 ","$102,084,362 ","$190,453,132 ",23877,"[53, 28, 80]",345887,en,The Equalizer 2,22.961,6.4,2089
The Nutcracker and the Four Realms,BV,54900000,119100000,2018,35,11/2/2018,The Nutcracker and the Four Realms,"$132,900,000 ","$54,858,851 ","$170,293,899 ",23853,"[14, 12, 10751]",426543,en,The Nutcracker and the Four Realms,26.235,6,909
The Mule,WB,103800000,68700000,2018,100,12/14/2018,The Mule,"$50,000,000 ","$103,804,407 ","$170,857,676 ",23832,"[80, 18, 53]",504172,en,The Mule,33.83,6.5,1584
Insidious: The Last Key,Uni.,67700000,100100000,2018,45,1/5/2018,Insidious: The Last Key,"$10,000,000 ","$67,745,330 ","$167,885,588 ",23959,"[9648, 27, 53]",406563,en,Insidious: The Last Key,16.017,6.1,1306
Red Sparrow,Fox,46900000,104700000,2018,52,3/2/2018,Red Sparrow,"$69,000,000 ","$46,874,505 ","$145,951,861 ",23916,"[9648, 53]",401981,en,Red Sparrow,18.117,6.5,3406
The First Purge,Uni.,69500000,67500000,2018,49,7/4/2018,The First Purge,"$13,000,000 ","$69,488,745 ","$136,617,305 ",23849,"[28, 878, 53, 27]",442249,en,The First Purge,28.44,5.8,1846
A Wrinkle in Time,BV,100500000,32200000,2018,58,3/9/2018,A Wrinkle in Time,"$103,000,000 ","$100,478,608 ","$133,401,882 ",24051,"[12, 878, 10751, 14]",407451,en,A Wrinkle in Time,12.529,5,1073
Instant Family,Par.,67400000,53200000,2018,20,11/16/2018,Instant Family,"$48,000,000 ","$67,363,237 ","$119,736,188 ",23881,"[35, 18]",491418,en,Instant Family,22.634,7.6,782
The Commuter,LGF,36300000,83600000,2018,62,1/12/2018,The Commuter,"$40,000,000 ","$36,343,858 ","$101,985,431 ",23904,"[28, 53]",399035,en,The Commuter,20.063,6.2,2394
Game Night,WB (NL),69200000,48500000,2018,94,2/23/2018,Game Night,"$37,000,000 ","$69,179,066 ","$117,378,084 ",23908,"[9648, 35, 80]",445571,en,Game Night,19.459,6.9,2756
First Man,Uni.,44900000,60800000,2018,6,10/12/2018,First Man,"$60,000,000 ","$44,936,545 ","$105,203,825 ",23878,"[36, 18]",369972,en,First Man,22.958,7.1,2304
Alpha,Studio 8,35900000,62300000,2018,79,8/17/2018,Alpha,"$51,000,000 ","$35,851,379 ","$99,624,873 ",23867,"[12, 18]",399360,en,Alpha,24.536,5.9,1167
A Simple Favor,LGF,53500000,44100000,2018,24,9/14/2018,A Simple Favor,"$20,000,000 ","$53,548,586 ","$97,628,717 ",23892,"[53, 80, 9648, 35, 18]",484247,en,A Simple Favor,21.121,6.6,1756
The Favourite,FoxS,34400000,61600000,2018,39,11/23/2018,The Favourite,"$15,000,000 ","$34,366,783 ","$94,113,929 ",23848,"[18, 36, 35]",375262,en,The Favourite,28.651,7.7,2096
Truth or Dare,Uni.,41400000,53900000,2018,91,4/13/2018,Truth or Dare,"$3,500,000 ","$41,411,015 ","$95,127,344 ",23999,"[53, 27]",460019,en,Truth or Dare,14.354,6,2005
I Feel Pretty,STX,48800000,45700000,2018,99,4/20/2018,I Feel Pretty,"$32,000,000 ","$48,795,601 ","$91,553,797 ",23950,[35],460668,en,I Feel Pretty,16.298,6.4,1088
Blockers,Uni.,60300000,33700000,2018,60,4/6/2018,Blockers,"$21,000,000 ","$60,311,495 ","$94,045,328 ",23886,[35],437557,en,Blockers,21.841,6.1,969
Goosebumps 2: Haunted Halloween,Sony,46700000,46600000,2018,63,10/12/2018,Goosebumps 2: Haunted Halloween,"$35,000,000 ","$46,697,321 ","$93,291,478 ",23900,"[12, 35, 14, 10751, 27]",442062,en,Goosebumps 2: Haunted Halloween,20.238,5.6,428
Sherlock Gnomes,Par.,43200000,47100000,2018,54,3/23/2018,Sherlock Gnomes,"$59,000,000 ","$43,242,871 ","$87,527,651 ",24038,"[10749, 16, 35, 10751, 14, 9648, 12]",370567,en,Sherlock Gnomes,12.987,5.4,343
Mortal Engines,Uni.,16000000,67700000,2018,4,12/14/2018,Mortal Engines,"$100,000,000 ","$15,951,040 ","$85,287,417 ",23821,"[12, 14]",428078,en,Mortal Engines,40.095,6,1751
Den of Thieves,STX,44900000,35600000,2018,3,1/19/2018,Den of Thieves,"$30,000,000 ","$44,947,622 ","$80,131,391 ",23880,"[28, 53, 80]",449443,en,Den of Thieves,22.738,6.6,1244
Hereditary,A24,44100000,35300000,2018,56,6/8/2018,Hereditary,"$10,000,000 ","$44,069,456 ","$70,133,905 ",23856,"[27, 9648, 53]",493922,en,Hereditary,26.185,7,2491
Tag,WB (NL),54700000,23400000,2018,50,6/15/2018,Tag,"$28,000,000 ","$54,730,625 ","$77,026,186 ",23914,"[35, 18]",455980,en,Tag,18.5,6.8,1297
Vice,Annapurna,47800000,28200000,2018,100,12/25/2018,Vice,"$60,000,000 ","$47,836,282 ","$70,883,171 ",23902,"[18, 36, 35]",429197,en,Vice,20.125,7.1,1213
Widows,Fox,42400000,33600000,2018,50,11/16/2018,Widows,"$40,000,000 ","$42,402,632 ","$73,866,088 ",23895,"[80, 53]",401469,en,Widows,20.628,6.5,941
Sicario: Day of the Soldado,Sony,50100000,25800000,2018,59,6/29/2018,Sicario: Day of the Soldado,"$35,000,000 ","$50,065,850 ","$75,885,196 ",23843,"[28, 80, 18, 53]",400535,en,Sicario: Day of the Soldado,29.725,6.7,1317
Second Act,STX,39300000,33000000,2018,83,12/21/2018,Second Act,"$15,700,000 ","$39,282,227 ","$63,288,854 ",23948,"[10749, 35]",503616,en,Second Act,16.322,6.2,361
Book Club,Par.,68600000,1200000,2018,43,5/18/2018,Book Club,"$10,000,000 ","$68,566,296 ","$91,113,683 ",24092,"[35, 10749, 18]",502682,en,Book Club,11.514,6,301
12 Strong,WB,45800000,21600000,2018,64,1/19/2018,12 Strong,"$35,000,000 ","$45,819,713 ","$71,118,378 ",24032,"[10752, 18, 36, 28]",429351,en,12 Strong,13.183,5.6,1312
"Love, Simon",Fox,40800000,25500000,2018,57,3/16/2018,"Love, Simon","$10,000,000 ","$40,826,341 ","$65,520,633 ",23970,"[35, 18, 10749]",449176,en,"Love, Simon",15.608,8.2,3165
Mile 22,STX,36100000,30200000,2018,78,8/17/2018,Mile 22,"$35,000,000 ","$36,108,758 ","$66,295,121 ",23891,[28],347375,en,Mile 22,21.246,6,920
Life of the Party,WB (NL),53100000,12800000,2018,88,5/11/2018,Life of the Party,"$30,000,000 ","$53,059,911 ","$65,759,911 ",24014,[35],399796,en,Life of the Party,13.696,6.2,435
Adrift,STX,31400000,28500000,2018,89,6/1/2018,Adrift,"$35,000,000 ","$31,445,011 ","$57,897,191 ",23941,"[53, 10749, 12]",429300,en,Adrift,16.786,6.7,1264
The 15:17 to Paris,WB,36300000,20800000,2018,23,2/9/2018,The 15:17 to Paris,"$30,000,000 ","$36,276,286 ","$56,096,200 ",24089,"[18, 36, 53]",453201,en,The 15:17 to Paris,11.576,5.3,799
Early Man,LGF,8300000,46400000,2018,98,2/16/2018,Early Man,"$50,000,000 ","$8,267,544 ","$45,285,890 ",23943,"[10751, 35, 16, 12]",387592,en,Early Man,16.675,5.9,338
Peppermint,STX,35400000,18400000,2018,21,9/7/2018,Peppermint,"$25,000,000 ","$35,418,723 ","$51,800,758 ",23834,"[53, 28, 18]",458594,en,Peppermint,32.476,6.5,716
Slender Man,SGem,30600000,21200000,2018,80,8/10/2018,Slender Man,"$10,000,000 ","$30,564,825 ","$51,723,644 ",23932,"[9648, 53, 27]",439015,en,Slender Man,16.999,4,712
Uncle Drew,LG/S,42500000,4200000,2018,85,6/29/2018,Uncle Drew,"$18,000,000 ","$42,469,946 ","$46,527,161 ",24120,[35],474335,en,Uncle Drew,10.836,6.5,220
Mary Queen of Scots,Focus,16500000,29900000,2018,60,12/7/2018,Mary Queen of Scots,"$25,000,000 ","$16,468,499 ","$46,734,733 ",23956,"[18, 36]",457136,en,Mary Queen of Scots,16.115,6.6,592
The Possession of Hannah Grace,SGem,14800000,28200000,2018,37,11/30/2018,The Possession of Hannah Grace,"$6,000,000 ","$14,836,174 ","$42,785,387 ",23898,"[27, 18]",434555,en,The Possession of Hannah Grace,20.263,5.1,393
The Darkest Minds,Fox,12700000,28400000,2018,64,8/3/2018,The Darkest Minds,"$34,000,000 ","$12,695,691 ","$38,361,428 ",23870,"[878, 53]",445651,en,The Darkest Minds,23.967,6.8,1158
On the Basis of Sex,Focus,24600000,13600000,2018,81,12/25/2018,On the Basis of Sex,"$20,000,000 ","$24,622,687 ","$38,073,377 ",23833,"[18, 36]",339380,en,On the Basis of Sex,32.624,7.4,225
White Boy Rick,Studio 8,24000000,1900000,2018,42,9/14/2018,White Boy Rick,"$30,000,000 ","$24,004,833 ","$25,947,983 ",24009,"[80, 18]",438808,en,White Boy Rick,13.794,6.3,277
Winchester,LGF,25100000,1200000,2018,95,2/2/2018,Winchester,"$3,500,000 ","$25,091,816 ","$44,378,040 ",24055,"[14, 9648, 53, 27]",416234,en,Winchester,12.44,5.7,884
Proud Mary,SGem,20900000,876000,2018,50,1/12/2018,Proud Mary,"$30,000,000 ","$20,868,638 ","$21,709,539 ",24212,"[53, 28, 80]",442064,en,Proud Mary,9.371,5.5,259
If Beale Street Could Talk,Annapurna,14900000,5700000,2018,96,12/14/2018,If Beale Street Could Talk,"$12,000,000 ","$14,915,773 ","$19,859,167 ",24020,"[18, 10749, 80]",465914,en,If Beale Street Could Talk,13.579,7.2,388
Hell Fest,LGF,11100000,7100000,2018,20,9/28/2018,Hell Fest,"$5,500,000 ","$11,107,431 ","$18,119,231 ",24039,[27],429476,en,Hell Fest,12.955,5.5,273
Unfriended: Dark Web,BH Tilt,8900000,6300000,2018,29,7/20/2018,Unfriended: Dark Web,"$1,000,000 ","$8,866,745 ","$16,434,588 ",23920,[27],505058,en,Unfriended: Dark Web,17.861,6.1,365
Upgrade,BH Tilt,12000000,2400000,2018,89,6/1/2018,Upgrade,"$3,000,000 ","$11,977,130 ","$16,553,285 ",23889,"[28, 53, 878]",500664,en,Upgrade,21.413,7.4,1326
Unsane,BST,7700000,6600000,2018,70,3/23/2018,Unsane,"$1,500,000 ","$7,690,044 ","$14,244,931 ",23949,"[27, 53]",467660,en,Unsane,16.316,6.2,667
The Sisters Brothers,Annapurna,3100000,10000000,2018,82,9/21/2018,The Sisters Brothers,"$38,000,000 ","$3,143,056 ","$13,143,056 ",24012,"[35, 18, 37]",440161,en,The Sisters Brothers,13.738,7,590
Welcome to Marwen,Uni.,10800000,2100000,2018,18,12/21/2018,Welcome to Marwen,"$45,000,000 ","$10,763,520 ","$12,874,922 ",23883,"[18, 35, 14]",351044,en,Welcome to Marwen,22.032,6.6,286
Hotel Artemis,Global Road,6700000,6000000,2018,15,6/8/2018,Hotel Artemis,"$15,000,000 ","$6,708,137 ","$12,758,799 ",23994,"[53, 878, 28]",406761,en,Hotel Artemis,14.585,5.9,471
Kin,LGF,5700000,4300000,2018,88,8/31/2018,Kin,"$30,000,000 ","$5,718,096 ","$10,096,821 ",23871,"[878, 28]",425505,en,Kin,23.805,6.2,289
Can You Ever Forgive Me?,FoxS,8800000,1200000,2018,40,10/19/2018,Can You Ever Forgive Me?,"$10,000,000 ","$8,803,865 ","$11,752,387 ",23925,"[18, 80]",401847,en,Can You Ever Forgive Me?,17.604,6.9,450
Suspiria,Amazon,2500000,5400000,2018,81,10/26/2018,Suspiria,"$20,000,000 ","$2,483,472 ","$7,034,615 ",23936,"[27, 14]",361292,en,Suspiria,16.925,7,752
The Hurricane Heist,ENTMP,6100000,1200000,2018,22,3/9/2018,The Hurricane Heist,"$40,000,000 ","$6,115,824 ","$30,963,684 ",24023,"[28, 80, 53]",430040,en,The Hurricane Heist,13.335,5.4,476
Destroyer,Annapurna,1500000,4000000,2018,5,12/25/2018,Destroyer,"$9,000,000 ","$1,533,324 ","$3,681,096 ",23921,"[53, 80, 18, 28]",471507,en,Destroyer,17.815,5.9,176
Gotti,VE,4300000,1200000,2018,64,6/15/2018,Gotti,"$10,000,000 ","$4,286,367 ","$6,089,100 ",24168,"[80, 18, 36, 53]",339103,en,Gotti,10.034,5.2,231
Bilal: A New Breed of Hero,VE,491000,1700000,2018,100,2/2/2018,Bilal: A New Breed of Hero,"$30,000,000 ","$490,973 ","$648,599 ",25148,"[28, 12, 16]",332718,en,Bilal: A New Breed of Hero,2.707,6.8,54
Lean on Pete,A24,1200000,1200000,2018,13,4/6/2018,Lean on Pete,"$8,000,000 ","$1,163,056 ","$2,455,027 ",20908,"[18, 12]",407890,en,Lean on Pete,9.307,6.9,133
Lean on Pete,A24,1200000,1200000,2018,13,4/6/2018,Lean on Pete,"$8,000,000 ","$1,163,056 ","$2,455,027 ",24217,"[18, 12]",407890,en,Lean on Pete,9.307,6.9,133
